자치구별(1),자치구별(2),2023. 03,2023. 03,2023. 03,2023. 03,2023. 03,2023. 03,2023. 03,2023. 03,2023. 03,2023. 03,2023. 03,2023. 03,2023. 03,2023. 03,2023. 03,2023. 03,2023. 03,2023. 03,2023. 03,2023. 03,2023. 03,2023. 03,2023. 03,2023. 04,2023. 04,2023. 04,2023. 04,2023. 04,2023. 04,2023. 04,2023. 04,2023. 04,2023. 04,2023. 04,2023. 04,2023. 04,2023. 04,2023. 04,2023. 04,2023. 04,2023. 04,2023. 04,2023. 04,2023. 04,2023. 04,2023. 04,2023. 05,2023. 05,2023. 05,2023. 05,2023. 05,2023. 05,2023. 05,2023. 05,2023. 05,2023. 05,2023. 05,2023. 05,2023. 05,2023. 05,2023. 05,2023. 05,2023. 05,2023. 05,2023. 05,2023. 05,2023. 05,2023. 05,2023. 05,2023. 06,2023. 06,2023. 06,2023. 06,2023. 06,2023. 06,2023. 06,2023. 06,2023. 06,2023. 06,2023. 06,2023. 06,2023. 06,2023. 06,2023. 06,2023. 06,2023. 06,2023. 06,2023. 06,2023. 06,2023. 06,2023. 06,2023. 06,2023. 07,2023. 07,2023. 07,2023. 07,2023. 07,2023. 07,2023. 07,2023. 07,2023. 07,2023. 07,2023. 07,2023. 07,2023. 07,2023. 07,2023. 07,2023. 07,2023. 07,2023. 07,2023. 07,2023. 07,2023. 07,2023. 07,2023. 07,2023. 08,2023. 08,2023. 08,2023. 08,2023. 08,2023. 08,2023. 08,2023. 08,2023. 08,2023. 08,2023. 08,2023. 08,2023. 08,2023. 08,2023. 08,2023. 08,2023. 08,2023. 08,2023. 08,2023. 08,2023. 08,2023. 08,2023. 08,2023. 09,2023. 09,2023. 09,2023. 09,2023. 09,2023. 09,2023. 09,2023. 09,2023. 09,2023. 09,2023. 09,2023. 09,2023. 09,2023. 09,2023. 09,2023. 09,2023. 09,2023. 09,2023. 09,2023. 09,2023. 09,2023. 09,2023. 09,2023. 10,2023. 10,2023. 10,2023. 10,2023. 10,2023. 10,2023. 10,2023. 10,2023. 10,2023. 10,2023. 10,2023. 10,2023. 10,2023. 10,2023. 10,2023. 10,2023. 10,2023. 10,2023. 10,2023. 10,2023. 10,2023. 10,2023. 10,2023. 11,2023. 11,2023. 11,2023. 11,2023. 11,2023. 11,2023. 11,2023. 11,2023. 11,2023. 11,2023. 11,2023. 11,2023. 11,2023. 11,2023. 11,2023. 11,2023. 11,2023. 11,2023. 11,2023. 11,2023. 11,2023. 11,2023. 11,2023. 12,2023. 12,2023. 12,2023. 12,2023. 12,2023. 12,2023. 12,2023. 12,2023. 12,2023. 12,2023. 12,2023. 12,2023. 12,2023. 12,2023. 12,2023. 12,2023. 12,2023. 12,2023. 12,2023. 12,2023. 12,2023. 12,2023. 12,2024. 01,2024. 01,2024. 01,2024. 01,2024. 01,2024. 01,2024. 01,2024. 01,2024. 01,2024. 01,2024. 01,2024. 01,2024. 01,2024. 01,2024. 01,2024. 01,2024. 01,2024. 01,2024. 01,2024. 01,2024. 01,2024. 01,2024. 01,2024. 02,2024. 02,2024. 02,2024. 02,2024. 02,2024. 02,2024. 02,2024. 02,2024. 02,2024. 02,2024. 02,2024. 02,2024. 02,2024. 02,2024. 02,2024. 02,2024. 02,2024. 02,2024. 02,2024. 02,2024. 02,2024. 02,2024. 02,2024. 03,2024. 03,2024. 03,2024. 03,2024. 03,2024. 03,2024. 03,2024. 03,2024. 03,2024. 03,2024. 03,2024. 03,2024. 03,2024. 03,2024. 03,2024. 03,2024. 03,2024. 03,2024. 03,2024. 03,2024. 03,2024. 03,2024. 03,2024. 04,2024. 04,2024. 04,2024. 04,2024. 04,2024. 04,2024. 04,2024. 04,2024. 04,2024. 04,2024. 04,2024. 04,2024. 04,2024. 04,2024. 04,2024. 04,2024. 04,2024. 04,2024. 04,2024. 04,2024. 04,2024. 04,2024. 04,2024. 05,2024. 05,2024. 05,2024. 05,2024. 05,2024. 05,2024. 05,2024. 05,2024. 05,2024. 05,2024. 05,2024. 05,2024. 05,2024. 05,2024. 05,2024. 05,2024. 05,2024. 05,2024. 05,2024. 05,2024. 05,2024. 05,2024. 05,2024. 06,2024. 06,2024. 06,2024. 06,2024. 06,2024. 06,2024. 06,2024. 06,2024. 06,2024. 06,2024. 06,2024. 06,2024. 06,2024. 06,2024. 06,2024. 06,2024. 06,2024. 06,2024. 06,2024. 06,2024. 06,2024. 06,2024. 06,2024. 07,2024. 07,2024. 07,2024. 07,2024. 07,2024. 07,2024. 07,2024. 07,2024. 07,2024. 07,2024. 07,2024. 07,2024. 07,2024. 07,2024. 07,2024. 07,2024. 07,2024. 07,2024. 07,2024. 07,2024. 07,2024. 07,2024. 07,2024. 08,2024. 08,2024. 08,2024. 08,2024. 08,2024. 08,2024. 08,2024. 08,2024. 08,2024. 08,2024. 08,2024. 08,2024. 08,2024. 08,2024. 08,2024. 08,2024. 08,2024. 08,2024. 08,2024. 08,2024. 08,2024. 08,2024. 08,2024. 09,2024. 09,2024. 09,2024. 09,2024. 09,2024. 09,2024. 09,2024. 09,2024. 09,2024. 09,2024. 09,2024. 09,2024. 09,2024. 09,2024. 09,2024. 09,2024. 09,2024. 09,2024. 09,2024. 09,2024. 09,2024. 09,2024. 09,2024. 10,2024. 10,2024. 10,2024. 10,2024. 10,2024. 10,2024. 10,2024. 10,2024. 10,2024. 10,2024. 10,2024. 10,2024. 10,2024. 10,2024. 10,2024. 10,2024. 10,2024. 10,2024. 10,2024. 10,2024. 10,2024. 10,2024. 10,2024. 11,2024. 11,2024. 11,2024. 11,2024. 11,2024. 11,2024. 11,2024. 11,2024. 11,2024. 11,2024. 11,2024. 11,2024. 11,2024. 11,2024. 11,2024. 11,2024. 11,2024. 11,2024. 11,2024. 11,2024. 11,2024. 11,2024. 11,2024. 12,2024. 12,2024. 12,2024. 12,2024. 12,2024. 12,2024. 12,2024. 12,2024. 12,2024. 12,2024. 12,2024. 12,2024. 12,2024. 12,2024. 12,2024. 12,2024. 12,2024. 12,2024. 12,2024. 12,2024. 12,2024. 12,2024. 12,2025. 01,2025. 01,2025. 01,2025. 01,2025. 01,2025. 01,2025. 01,2025. 01,2025. 01,2025. 01,2025. 01,2025. 01,2025. 01,2025. 01,2025. 01,2025. 01,2025. 01,2025. 01,2025. 01,2025. 01,2025. 01,2025. 01,2025. 01,2025. 02,2025. 02,2025. 02,2025. 02,2025. 02,2025. 02,2025. 02,2025. 02,2025. 02,2025. 02,2025. 02,2025. 02,2025. 02,2025. 02,2025. 02,2025. 02,2025. 02,2025. 02,2025. 02,2025. 02,2025. 02,2025. 02,2025. 02,2025. 03,2025. 03,2025. 03,2025. 03,2025. 03,2025. 03,2025. 03,2025. 03,2025. 03,2025. 03,2025. 03,2025. 03,2025. 03,2025. 03,2025. 03,2025. 03,2025. 03,2025. 03,2025. 03,2025. 03,2025. 03,2025. 03,2025. 03
자치구별(1),자치구별(2),합계,합계,합계,합계,합계,합계,합계,합계,합계,합계,합계,합계,합계,합계,합계,합계,합계,합계,합계,합계,합계,합계,합계,합계,합계,합계,합계,합계,합계,합계,합계,합계,합계,합계,합계,합계,합계,합계,합계,합계,합계,합계,합계,합계,합계,합계,합계,합계,합계,합계,합계,합계,합계,합계,합계,합계,합계,합계,합계,합계,합계,합계,합계,합계,합계,합계,합계,합계,합계,합계,합계,합계,합계,합계,합계,합계,합계,합계,합계,합계,합계,합계,합계,합계,합계,합계,합계,합계,합계,합계,합계,합계,합계,합계,합계,합계,합계,합계,합계,합계,합계,합계,합계,합계,합계,합계,합계,합계,합계,합계,합계,합계,합계,합계,합계,합계,합계,합계,합계,합계,합계,합계,합계,합계,합계,합계,합계,합계,합계,합계,합계,합계,합계,합계,합계,합계,합계,합계,합계,합계,합계,합계,합계,합계,합계,합계,합계,합계,합계,합계,합계,합계,합계,합계,합계,합계,합계,합계,합계,합계,합계,합계,합계,합계,합계,합계,합계,합계,합계,합계,합계,합계,합계,합계,합계,합계,합계,합계,합계,합계,합계,합계,합계,합계,합계,합계,합계,합계,합계,합계,합계,합계,합계,합계,합계,합계,합계,합계,합계,합계,합계,합계,합계,합계,합계,합계,합계,합계,합계,합계,합계,합계,합계,합계,합계,합계,합계,합계,합계,합계,합계,합계,합계,합계,합계,합계,합계,합계,합계,합계,합계,합계,합계,합계,합계,합계,합계,합계,합계,합계,합계,합계,합계,합계,합계,합계,합계,합계,합계,합계,합계,합계,합계,합계,합계,합계,합계,합계,합계,합계,합계,합계,합계,합계,합계,합계,합계,합계,합계,합계,합계,합계,합계,합계,합계,합계,합계,합계,합계,합계,합계,합계,합계,합계,합계,합계,합계,합계,합계,합계,합계,합계,합계,합계,합계,합계,합계,합계,합계,합계,합계,합계,합계,합계,합계,합계,합계,합계,합계,합계,합계,합계,합계,합계,합계,합계,합계,합계,합계,합계,합계,합계,합계,합계,합계,합계,합계,합계,합계,합계,합계,합계,합계,합계,합계,합계,합계,합계,합계,합계,합계,합계,합계,합계,합계,합계,합계,합계,합계,합계,합계,합계,합계,합계,합계,합계,합계,합계,합계,합계,합계,합계,합계,합계,합계,합계,합계,합계,합계,합계,합계,합계,합계,합계,합계,합계,합계,합계,합계,합계,합계,합계,합계,합계,합계,합계,합계,합계,합계,합계,합계,합계,합계,합계,합계,합계,합계,합계,합계,합계,합계,합계,합계,합계,합계,합계,합계,합계,합계,합계,합계,합계,합계,합계,합계,합계,합계,합계,합계,합계,합계,합계,합계,합계,합계,합계,합계,합계,합계,합계,합계,합계,합계,합계,합계,합계,합계,합계,합계,합계,합계,합계,합계,합계,합계,합계,합계,합계,합계,합계,합계,합계,합계,합계,합계,합계,합계,합계,합계,합계,합계,합계,합계,합계,합계,합계,합계,합계,합계,합계,합계,합계,합계,합계,합계,합계,합계,합계,합계,합계,합계,합계,합계,합계,합계,합계,합계,합계,합계,합계,합계,합계,합계,합계,합계,합계,합계,합계,합계,합계,합계,합계,합계,합계,합계,합계,합계,합계,합계,합계,합계,합계,합계,합계,합계,합계,합계,합계,합계,합계,합계,합계,합계,합계,합계,합계,합계,합계,합계,합계,합계,합계,합계,합계,합계,합계,합계,합계,합계,합계,합계,합계,합계,합계,합계,합계,합계,합계,합계,합계,합계,합계,합계,합계,합계,합계,합계,합계,합계,합계,합계,합계,합계,합계,합계,합계,합계,합계,합계,합계,합계,합계,합계,합계,합계
자치구별(1),자치구별(2),소계,소계,소계,소계,승용차,승용차,승용차,승용차,승합차,승합차,승합차,승합차,화물차,화물차,화물차,화물차,특수차,특수차,특수차,특수차,이륜차,이륜차,이륜차,소계,소계,소계,소계,승용차,승용차,승용차,승용차,승합차,승합차,승합차,승합차,화물차,화물차,화물차,화물차,특수차,특수차,특수차,특수차,이륜차,이륜차,이륜차,소계,소계,소계,소계,승용차,승용차,승용차,승용차,승합차,승합차,승합차,승합차,화물차,화물차,화물차,화물차,특수차,특수차,특수차,특수차,이륜차,이륜차,이륜차,소계,소계,소계,소계,승용차,승용차,승용차,승용차,승합차,승합차,승합차,승합차,화물차,화물차,화물차,화물차,특수차,특수차,특수차,특수차,이륜차,이륜차,이륜차,소계,소계,소계,소계,승용차,승용차,승용차,승용차,승합차,승합차,승합차,승합차,화물차,화물차,화물차,화물차,특수차,특수차,특수차,특수차,이륜차,이륜차,이륜차,소계,소계,소계,소계,승용차,승용차,승용차,승용차,승합차,승합차,승합차,승합차,화물차,화물차,화물차,화물차,특수차,특수차,특수차,특수차,이륜차,이륜차,이륜차,소계,소계,소계,소계,승용차,승용차,승용차,승용차,승합차,승합차,승합차,승합차,화물차,화물차,화물차,화물차,특수차,특수차,특수차,특수차,이륜차,이륜차,이륜차,소계,소계,소계,소계,승용차,승용차,승용차,승용차,승합차,승합차,승합차,승합차,화물차,화물차,화물차,화물차,특수차,특수차,특수차,특수차,이륜차,이륜차,이륜차,소계,소계,소계,소계,승용차,승용차,승용차,승용차,승합차,승합차,승합차,승합차,화물차,화물차,화물차,화물차,특수차,특수차,특수차,특수차,이륜차,이륜차,이륜차,소계,소계,소계,소계,승용차,승용차,승용차,승용차,승합차,승합차,승합차,승합차,화물차,화물차,화물차,화물차,특수차,특수차,특수차,특수차,이륜차,이륜차,이륜차,소계,소계,소계,소계,승용차,승용차,승용차,승용차,승합차,승합차,승합차,승합차,화물차,화물차,화물차,화물차,특수차,특수차,특수차,특수차,이륜차,이륜차,이륜차,소계,소계,소계,소계,승용차,승용차,승용차,승용차,승합차,승합차,승합차,승합차,화물차,화물차,화물차,화물차,특수차,특수차,특수차,특수차,이륜차,이륜차,이륜차,소계,소계,소계,소계,승용차,승용차,승용차,승용차,승합차,승합차,승합차,승합차,화물차,화물차,화물차,화물차,특수차,특수차,특수차,특수차,이륜차,이륜차,이륜차,소계,소계,소계,소계,승용차,승용차,승용차,승용차,승합차,승합차,승합차,승합차,화물차,화물차,화물차,화물차,특수차,특수차,특수차,특수차,이륜차,이륜차,이륜차,소계,소계,소계,소계,승용차,승용차,승용차,승용차,승합차,승합차,승합차,승합차,화물차,화물차,화물차,화물차,특수차,특수차,특수차,특수차,이륜차,이륜차,이륜차,소계,소계,소계,소계,승용차,승용차,승용차,승용차,승합차,승합차,승합차,승합차,화물차,화물차,화물차,화물차,특수차,특수차,특수차,특수차,이륜차,이륜차,이륜차,소계,소계,소계,소계,승용차,승용차,승용차,승용차,승합차,승합차,승합차,승합차,화물차,화물차,화물차,화물차,특수차,특수차,특수차,특수차,이륜차,이륜차,이륜차,소계,소계,소계,소계,승용차,승용차,승용차,승용차,승합차,승합차,승합차,승합차,화물차,화물차,화물차,화물차,특수차,특수차,특수차,특수차,이륜차,이륜차,이륜차,소계,소계,소계,소계,승용차,승용차,승용차,승용차,승합차,승합차,승합차,승합차,화물차,화물차,화물차,화물차,특수차,특수차,특수차,특수차,이륜차,이륜차,이륜차,소계,소계,소계,소계,승용차,승용차,승용차,승용차,승합차,승합차,승합차,승합차,화물차,화물차,화물차,화물차,특수차,특수차,특수차,특수차,이륜차,이륜차,이륜차,소계,소계,소계,소계,승용차,승용차,승용차,승용차,승합차,승합차,승합차,승합차,화물차,화물차,화물차,화물차,특수차,특수차,특수차,특수차,이륜차,이륜차,이륜차,소계,소계,소계,소계,승용차,승용차,승용차,승용차,승합차,승합차,승합차,승합차,화물차,화물차,화물차,화물차,특수차,특수차,특수차,특수차,이륜차,이륜차,이륜차,소계,소계,소계,소계,승용차,승용차,승용차,승용차,승합차,승합차,승합차,승합차,화물차,화물차,화물차,화물차,특수차,특수차,특수차,특수차,이륜차,이륜차,이륜차,소계,소계,소계,소계,승용차,승용차,승용차,승용차,승합차,승합차,승합차,승합차,화물차,화물차,화물차,화물차,특수차,특수차,특수차,특수차,이륜차,이륜차,이륜차,소계,소계,소계,소계,승용차,승용차,승용차,승용차,승합차,승합차,승합차,승합차,화물차,화물차,화물차,화물차,특수차,특수차,특수차,특수차,이륜차,이륜차,이륜차
자치구별(1),자치구별(2),계,관용,자가용,영업용,계,관용,자가용,영업용,계,관용,자가용,영업용,계,관용,자가용,영업용,계,관용,자가용,영업용,계,관용,자가용,계,관용,자가용,영업용,계,관용,자가용,영업용,계,관용,자가용,영업용,계,관용,자가용,영업용,계,관용,자가용,영업용,계,관용,자가용,계,관용,자가용,영업용,계,관용,자가용,영업용,계,관용,자가용,영업용,계,관용,자가용,영업용,계,관용,자가용,영업용,계,관용,자가용,계,관용,자가용,영업용,계,관용,자가용,영업용,계,관용,자가용,영업용,계,관용,자가용,영업용,계,관용,자가용,영업용,계,관용,자가용,계,관용,자가용,영업용,계,관용,자가용,영업용,계,관용,자가용,영업용,계,관용,자가용,영업용,계,관용,자가용,영업용,계,관용,자가용,계,관용,자가용,영업용,계,관용,자가용,영업용,계,관용,자가용,영업용,계,관용,자가용,영업용,계,관용,자가용,영업용,계,관용,자가용,계,관용,자가용,영업용,계,관용,자가용,영업용,계,관용,자가용,영업용,계,관용,자가용,영업용,계,관용,자가용,영업용,계,관용,자가용,계,관용,자가용,영업용,계,관용,자가용,영업용,계,관용,자가용,영업용,계,관용,자가용,영업용,계,관용,자가용,영업용,계,관용,자가용,계,관용,자가용,영업용,계,관용,자가용,영업용,계,관용,자가용,영업용,계,관용,자가용,영업용,계,관용,자가용,영업용,계,관용,자가용,계,관용,자가용,영업용,계,관용,자가용,영업용,계,관용,자가용,영업용,계,관용,자가용,영업용,계,관용,자가용,영업용,계,관용,자가용,계,관용,자가용,영업용,계,관용,자가용,영업용,계,관용,자가용,영업용,계,관용,자가용,영업용,계,관용,자가용,영업용,계,관용,자가용,계,관용,자가용,영업용,계,관용,자가용,영업용,계,관용,자가용,영업용,계,관용,자가용,영업용,계,관용,자가용,영업용,계,관용,자가용,계,관용,자가용,영업용,계,관용,자가용,영업용,계,관용,자가용,영업용,계,관용,자가용,영업용,계,관용,자가용,영업용,계,관용,자가용,계,관용,자가용,영업용,계,관용,자가용,영업용,계,관용,자가용,영업용,계,관용,자가용,영업용,계,관용,자가용,영업용,계,관용,자가용,계,관용,자가용,영업용,계,관용,자가용,영업용,계,관용,자가용,영업용,계,관용,자가용,영업용,계,관용,자가용,영업용,계,관용,자가용,계,관용,자가용,영업용,계,관용,자가용,영업용,계,관용,자가용,영업용,계,관용,자가용,영업용,계,관용,자가용,영업용,계,관용,자가용,계,관용,자가용,영업용,계,관용,자가용,영업용,계,관용,자가용,영업용,계,관용,자가용,영업용,계,관용,자가용,영업용,계,관용,자가용,계,관용,자가용,영업용,계,관용,자가용,영업용,계,관용,자가용,영업용,계,관용,자가용,영업용,계,관용,자가용,영업용,계,관용,자가용,계,관용,자가용,영업용,계,관용,자가용,영업용,계,관용,자가용,영업용,계,관용,자가용,영업용,계,관용,자가용,영업용,계,관용,자가용,계,관용,자가용,영업용,계,관용,자가용,영업용,계,관용,자가용,영업용,계,관용,자가용,영업용,계,관용,자가용,영업용,계,관용,자가용,계,관용,자가용,영업용,계,관용,자가용,영업용,계,관용,자가용,영업용,계,관용,자가용,영업용,계,관용,자가용,영업용,계,관용,자가용,계,관용,자가용,영업용,계,관용,자가용,영업용,계,관용,자가용,영업용,계,관용,자가용,영업용,계,관용,자가용,영업용,계,관용,자가용,계,관용,자가용,영업용,계,관용,자가용,영업용,계,관용,자가용,영업용,계,관용,자가용,영업용,계,관용,자가용,영업용,계,관용,자가용,계,관용,자가용,영업용,계,관용,자가용,영업용,계,관용,자가용,영업용,계,관용,자가용,영업용,계,관용,자가용,영업용,계,관용,자가용,계,관용,자가용,영업용,계,관용,자가용,영업용,계,관용,자가용,영업용,계,관용,자가용,영업용,계,관용,자가용,영업용,계,관용,자가용
서울시,소계,"3,191,538","12,874","2,973,457","205,207","2,768,314","4,746","2,638,758","124,810","94,927","3,832","75,866","15,229","317,293","3,888","253,539","59,866","11,004",408,"5,294","5,302","420,492","4,321","416,171","3,191,516","12,826","2,974,727","203,963","2,769,310","4,740","2,640,951","123,619","94,420","3,778","75,449","15,193","316,737","3,900","252,973","59,864","11,049",408,"5,354","5,287","420,778","4,321","416,457","3,190,288","12,952","2,974,517","202,819","2,769,040","4,789","2,641,796","122,455","93,979","3,828","74,989","15,162","316,139","3,929","252,310","59,900","11,130",406,"5,422","5,302","421,181","4,202","416,979","3,192,434","12,863","2,976,683","202,888","2,771,665","4,712","2,644,667","122,286","93,648","3,811","74,681","15,156","315,903","3,933","251,843","60,127","11,218",407,"5,492","5,319","421,619","4,215","417,404","3,192,414","12,814","2,977,654","201,946","2,772,712","4,661","2,646,708","121,343","93,297","3,810","74,341","15,146","315,158","3,935","251,044","60,179","11,247",408,"5,561","5,278","421,855","4,222","417,633","3,190,446","12,664","2,976,423","201,359","2,772,092","4,596","2,646,750","120,746","92,720","3,732","73,899","15,089","314,382","3,929","250,156","60,297","11,252",407,"5,618","5,227","422,663","4,225","418,438","3,192,359","12,648","2,978,629","201,082","2,774,685","4,585","2,649,556","120,544","92,264","3,709","73,512","15,043","314,131","3,943","249,924","60,264","11,279",411,"5,637","5,231","424,197","4,241","419,956","3,191,832","12,661","2,977,754","201,417","2,775,115","4,592","2,649,600","120,923","91,742","3,710","73,036","14,996","313,655","3,944","249,445","60,266","11,320",415,"5,673","5,232","424,478","4,262","420,216","3,191,548","12,701","2,978,343","200,504","2,775,702","4,580","2,651,052","120,070","91,274","3,738","72,616","14,920","313,246","3,965","248,975","60,306","11,326",418,"5,700","5,208","423,835","4,271","419,564","3,191,162","12,799","2,978,481","199,882","2,776,116","4,638","2,652,134","119,344","91,067","3,807","72,388","14,872","312,590","3,934","248,224","60,432","11,389",420,"5,735","5,234","423,237","4,283","418,954","3,191,104","12,856","2,978,711","199,537","2,776,742","4,698","2,653,110","118,934","90,744","3,800","72,085","14,859","312,209","3,925","247,784","60,500","11,409",433,"5,732","5,244","422,593","4,272","418,321","3,190,358","12,821","2,979,090","198,447","2,776,324","4,691","2,653,703","117,930","90,529","3,794","71,854","14,881","312,105","3,909","247,777","60,419","11,400",427,"5,756","5,217","422,622","4,265","418,357","3,187,776","12,822","2,977,283","197,671","2,775,386","4,701","2,653,386","117,299","89,887","3,795","71,231","14,861","311,049","3,900","246,878","60,271","11,454",426,"5,788","5,240","422,933","4,256","418,677","3,186,470","12,831","2,976,595","197,044","2,775,054","4,710","2,653,557","116,787","89,501","3,782","70,840","14,879","310,476","3,916","246,414","60,146","11,439",423,"5,784","5,232","423,465","4,246","419,219","3,186,219","12,880","2,976,860","196,479","2,775,671","4,749","2,654,631","116,291","89,070","3,784","70,385","14,901","309,999","3,924","246,014","60,061","11,479",423,"5,830","5,226","423,858","4,222","419,636","3,187,055","12,818","2,976,682","197,555","2,777,421","4,684","2,655,368","117,369","88,620","3,790","69,960","14,870","309,486","3,920","245,490","60,076","11,528",424,"5,864","5,240","424,261","4,223","420,038","3,184,743","12,896","2,974,572","197,275","2,776,926","4,742","2,654,961","117,223","87,858","3,801","69,262","14,795","308,398","3,929","244,448","60,021","11,561",424,"5,901","5,236","424,655","4,232","420,423","3,182,265","12,923","2,972,186","197,156","2,775,503","4,749","2,653,548","117,206","87,386","3,811","68,798","14,777","307,788","3,939","243,917","59,932","11,588",424,"5,923","5,241","425,458","4,216","421,242","3,181,927","12,894","2,972,417","196,616","2,776,237","4,742","2,654,744","116,751","86,874","3,798","68,326","14,750","307,198","3,932","243,393","59,873","11,618",422,"5,954","5,242","426,651","4,240","422,411","3,177,864","12,823","2,970,979","194,062","2,773,641","4,733","2,654,588","114,320","86,305","3,747","67,859","14,699","306,353","3,926","242,591","59,836","11,565",417,"5,941","5,207","427,050","4,229","422,821","3,177,427","12,814","2,971,162","193,451","2,774,447","4,726","2,656,050","113,671","85,922","3,746","67,447","14,729","305,468","3,913","241,697","59,858","11,590",429,"5,968","5,193","426,686","4,221","422,465","3,176,933","12,811","2,971,189","192,933","2,774,805","4,730","2,656,854","113,221","85,529","3,741","67,085","14,703","305,000","3,907","241,262","59,831","11,599",433,"5,988","5,178","426,106","4,228","421,878","3,176,438","12,831","2,971,131","192,476","2,775,365","4,768","2,657,562","113,035","85,229","3,727","66,864","14,638","304,195","3,906","240,682","59,607","11,649",430,"6,023","5,196","425,919","4,240","421,679","3,174,124","12,837","2,970,068","191,219","2,773,986","4,771","2,657,382","111,833","84,776","3,727","66,458","14,591","303,717","3,909","240,186","59,622","11,645",430,"6,042","5,173","425,830","4,257","421,573","3,173,277","12,816","2,968,927","191,534","2,774,761","4,770","2,657,700","112,291","84,193","3,709","65,924","14,560","302,661","3,907","239,235","59,519","11,662",430,"6,068","5,164","426,240","4,281","421,959"
,종로구,"51,000","3,876","44,451","2,673","41,616","1,770","39,117",729,"3,470","1,660","1,553",257,"5,640",343,"3,701","1,596",274,103,80,91,"12,912",431,"12,481","50,866","3,766","44,447","2,653","41,598","1,753","39,131",714,"3,374","1,572","1,545",257,"5,620",341,"3,688","1,591",274,100,83,91,"12,933",432,"12,501","50,841","3,815","44,402","2,624","41,620","1,803","39,114",703,"3,364","1,571","1,535",258,"5,586",341,"3,672","1,573",271,100,81,90,"12,905",410,"12,495","50,666","3,646","44,430","2,590","41,460","1,656","39,155",649,"3,342","1,549","1,534",259,"5,591",341,"3,659","1,591",273,100,82,91,"12,917",409,"12,508","50,800","3,583","44,693","2,524","41,583","1,587","39,412",584,"3,346","1,553","1,533",260,"5,596",343,"3,665","1,588",275,100,83,92,"12,916",409,"12,507","50,710","3,518","44,701","2,491","41,512","1,520","39,437",555,"3,337","1,556","1,523",258,"5,582",342,"3,658","1,582",279,100,83,96,"12,889",408,"12,481","50,704","3,479","44,742","2,483","41,544","1,515","39,475",554,"3,296","1,521","1,517",258,"5,583",343,"3,665","1,575",281,100,85,96,"12,902",408,"12,494","50,690","3,486","44,732","2,472","41,555","1,516","39,489",550,"3,291","1,524","1,508",259,"5,569",346,"3,655","1,568",275,100,80,95,"12,909",409,"12,500","50,700","3,489","44,747","2,464","41,574","1,515","39,512",547,"3,282","1,524","1,501",257,"5,570",349,"3,654","1,567",274,101,80,93,"12,896",414,"12,482","50,768","3,562","44,723","2,483","41,598","1,579","39,459",560,"3,303","1,535","1,502",266,"5,588",348,"3,677","1,563",279,100,85,94,"12,882",414,"12,468","50,838","3,634","44,730","2,474","41,682","1,649","39,483",550,"3,302","1,534","1,506",262,"5,569",346,"3,656","1,567",285,105,85,95,"12,847",414,"12,433","50,807","3,639","44,703","2,465","41,658","1,652","39,459",547,"3,292","1,535","1,500",257,"5,572",347,"3,659","1,566",285,105,85,95,"12,848",414,"12,434","50,482","3,657","44,680","2,145","41,364","1,669","39,450",245,"3,271","1,537","1,486",248,"5,563",346,"3,659","1,558",284,105,85,94,"12,859",408,"12,451","50,397","3,659","44,594","2,144","41,291","1,671","39,381",239,"3,267","1,536","1,482",249,"5,554",347,"3,645","1,562",285,105,86,94,"12,869",406,"12,463","50,389","3,658","44,591","2,140","41,295","1,672","39,383",240,"3,262","1,535","1,479",248,"5,546",347,"3,642","1,557",286,104,87,95,"12,870",406,"12,464","50,247","3,611","44,498","2,138","41,191","1,626","39,323",242,"3,245","1,535","1,463",247,"5,524",344,"3,627","1,553",287,106,85,96,"12,843",406,"12,437","50,360","3,633","44,585","2,142","41,309","1,654","39,418",237,"3,229","1,533","1,447",249,"5,532",339,"3,632","1,561",290,107,88,95,"12,824",403,"12,421","50,349","3,642","44,562","2,145","41,287","1,654","39,397",236,"3,221","1,540","1,432",249,"5,549",340,"3,645","1,564",292,108,88,96,"12,801",403,"12,398","50,304","3,604","44,550","2,150","41,292","1,640","39,412",240,"3,190","1,516","1,425",249,"5,530",340,"3,626","1,564",292,108,87,97,"12,823",413,"12,410","50,178","3,585","44,449","2,144","41,215","1,634","39,345",236,"3,172","1,512","1,411",249,"5,507",337,"3,606","1,564",284,102,87,95,"12,780",399,"12,381","50,150","3,590","44,408","2,152","41,175","1,634","39,302",239,"3,178","1,516","1,410",252,"5,511",337,"3,606","1,568",286,103,90,93,"12,766",398,"12,368","50,099","3,598","44,339","2,162","41,163","1,647","39,262",254,"3,158","1,508","1,396",254,"5,484",337,"3,587","1,560",294,106,94,94,"12,726",398,"12,328","50,155","3,628","44,347","2,180","41,239","1,695","39,303",241,"3,128","1,498","1,379",251,"5,488",335,"3,570","1,583",300,100,95,105,"12,705",398,"12,307","50,202","3,628","44,393","2,181","41,286","1,695","39,351",240,"3,117","1,497","1,367",253,"5,495",336,"3,577","1,582",304,100,98,106,"12,700",398,"12,302","50,083","3,607","44,301","2,175","41,211","1,692","39,278",241,"3,091","1,479","1,360",252,"5,474",335,"3,562","1,577",307,101,101,105,"12,721",398,"12,323"
,중구,"57,666","1,274","52,111","4,281","47,539",284,"44,504","2,751","2,861",796,"1,842",223,"6,827",177,"5,447","1,203",439,17,318,104,"14,182",215,"13,967","57,588","1,302","52,095","4,191","47,427",288,"44,453","2,686","2,889",817,"1,848",224,"6,820",180,"5,464","1,176",452,17,330,105,"14,171",215,"13,956","56,739","1,348","51,895","3,496","46,552",287,"44,273","1,992","2,926",862,"1,846",218,"6,808",182,"5,445","1,181",453,17,331,105,"14,197",204,"13,993","56,438","1,349","51,680","3,409","46,233",287,"44,038","1,908","2,933",862,"1,853",218,"6,798",183,"5,437","1,178",474,17,352,105,"14,565",207,"14,358","56,180","1,363","51,445","3,372","45,987",297,"43,839","1,851","2,932",866,"1,842",224,"6,788",183,"5,413","1,192",473,17,351,105,"14,530",207,"14,323","55,833","1,282","51,257","3,294","45,749",296,"43,676","1,777","2,846",786,"1,838",222,"6,764",183,"5,390","1,191",474,17,353,104,"14,543",206,"14,337","55,518","1,285","51,008","3,225","45,463",298,"43,451","1,714","2,847",787,"1,841",219,"6,747",183,"5,375","1,189",461,17,341,103,"14,562",208,"14,354","55,191","1,291","50,757","3,143","45,147",304,"43,215","1,628","2,841",785,"1,837",219,"6,744",184,"5,366","1,194",459,18,339,102,"14,490",208,"14,282","54,890","1,303","50,495","3,092","44,870",300,"42,994","1,576","2,847",805,"1,826",216,"6,709",181,"5,331","1,197",464,17,344,103,"14,434",208,"14,226","54,772","1,357","50,366","3,049","44,699",298,"42,868","1,533","2,892",862,"1,817",213,"6,716",180,"5,336","1,200",465,17,345,103,"14,355",207,"14,148","54,434","1,356","50,038","3,040","44,417",298,"42,612","1,507","2,894",862,"1,810",222,"6,717",178,"5,330","1,209",406,18,286,102,"14,347",207,"14,140","54,226","1,351","49,864","3,011","44,206",296,"42,428","1,482","2,881",861,"1,803",217,"6,733",176,"5,347","1,210",406,18,286,102,"14,354",207,"14,147","54,332","1,352","49,708","3,272","44,365",297,"42,304","1,764","2,882",861,"1,793",228,"6,680",176,"5,326","1,178",405,18,285,102,"14,331",207,"14,124","54,074","1,352","49,474","3,248","44,124",299,"42,092","1,733","2,883",860,"1,791",232,"6,674",175,"5,317","1,182",393,18,274,101,"14,393",207,"14,186","53,806","1,351","49,231","3,224","43,879",299,"41,871","1,709","2,868",858,"1,779",231,"6,670",176,"5,311","1,183",389,18,270,101,"14,431",204,"14,227","53,597","1,352","49,034","3,211","43,691",299,"41,700","1,692","2,870",859,"1,778",233,"6,645",176,"5,283","1,186",391,18,273,100,"14,423",204,"14,219","53,324","1,351","48,799","3,174","43,489",301,"41,533","1,655","2,838",856,"1,753",229,"6,603",176,"5,238","1,189",394,18,275,101,"14,370",204,"14,166","53,065","1,353","48,581","3,131","43,241",301,"41,335","1,605","2,835",857,"1,747",231,"6,597",177,"5,226","1,194",392,18,273,101,"14,379",204,"14,175","52,939","1,350","48,502","3,087","43,153",298,"41,293","1,562","2,835",858,"1,745",232,"6,558",176,"5,191","1,191",393,18,273,102,"14,384",204,"14,180","52,570","1,304","48,241","3,025","42,990",298,"41,192","1,500","2,778",812,"1,736",230,"6,429",175,"5,062","1,192",373,19,251,103,"14,391",206,"14,185","52,829","1,296","47,916","3,617","43,342",294,"40,977","2,071","2,800",811,"1,740",249,"6,322",170,"4,958","1,194",365,21,241,103,"14,345",206,"14,139","52,361","1,303","47,551","3,507","43,000",296,"40,747","1,957","2,791",811,"1,729",251,"6,205",175,"4,836","1,194",365,21,239,105,"14,207",204,"14,003","52,026","1,309","47,299","3,418","42,732",299,"40,566","1,867","2,779",812,"1,720",247,"6,151",175,"4,777","1,199",364,23,236,105,"14,152",209,"13,943","51,576","1,306","47,025","3,245","42,287",295,"40,307","1,685","2,779",813,"1,719",247,"6,152",175,"4,767","1,210",358,23,232,103,"14,078",209,"13,869","51,221","1,300","46,708","3,213","42,144",288,"40,199","1,657","2,764",813,"1,703",248,"5,961",175,"4,581","1,205",352,24,225,103,"14,048",209,"13,839"
,용산구,"75,436",512,"72,751","2,173","66,953",236,"65,412","1,305","2,153",123,"1,962",68,"6,173",142,"5,258",773,157,11,119,27,"15,437",152,"15,285","75,451",514,"72,759","2,178","66,963",237,"65,421","1,305","2,153",123,"1,962",68,"6,180",143,"5,259",778,155,11,117,27,"15,463",152,"15,311","75,425",524,"72,720","2,181","66,945",245,"65,393","1,307","2,141",123,"1,950",68,"6,181",145,"5,257",779,158,11,120,27,"15,460",153,"15,307","75,476",531,"72,749","2,196","67,013",247,"65,446","1,320","2,126",123,"1,936",67,"6,173",149,"5,243",781,164,12,124,28,"15,505",153,"15,352","75,440",528,"72,713","2,199","67,005",247,"65,436","1,322","2,121",122,"1,933",66,"6,150",147,"5,219",784,164,12,125,27,"15,501",152,"15,349","75,359",534,"72,639","2,186","66,921",253,"65,356","1,312","2,110",123,"1,921",66,"6,165",147,"5,236",782,163,11,126,26,"17,193",162,"17,031","75,328",534,"72,619","2,175","66,892",254,"65,343","1,295","2,105",123,"1,914",68,"6,166",146,"5,234",786,165,11,128,26,"17,599",162,"17,437","75,195",531,"72,488","2,176","66,781",252,"65,235","1,294","2,092",123,"1,901",68,"6,148",145,"5,217",786,174,11,135,28,"17,724",164,"17,560","74,997",541,"72,309","2,147","66,602",253,"65,075","1,274","2,073",124,"1,882",67,"6,150",153,"5,219",778,172,11,133,28,"17,823",167,"17,656","74,770",538,"72,075","2,157","66,446",250,"64,908","1,288","2,070",123,"1,880",67,"6,082",154,"5,154",774,172,11,133,28,"17,989",172,"17,817","74,550",539,"71,839","2,172","66,271",251,"64,717","1,303","2,046",122,"1,859",65,"6,061",154,"5,131",776,172,12,132,28,"17,797",172,"17,625","74,302",534,"71,597","2,171","66,082",248,"64,540","1,294","2,038",121,"1,846",71,"6,012",153,"5,080",779,170,12,131,27,"17,733",173,"17,560","74,001",532,"71,291","2,178","65,847",246,"64,323","1,278","2,012",121,"1,819",72,"5,972",153,"5,019",800,170,12,130,28,"17,682",173,"17,509","73,686",531,"70,964","2,191","65,555",248,"64,049","1,258","1,999",118,"1,808",73,"5,963",153,"4,978",832,169,12,129,28,"17,559",174,"17,385","73,517",539,"70,758","2,220","65,405",255,"63,874","1,276","1,978",118,"1,787",73,"5,958",154,"4,960",844,176,12,137,27,"17,454",177,"17,277","73,590",542,"70,767","2,281","65,368",258,"63,834","1,276","1,974",118,"1,783",73,"6,068",154,"5,010",904,180,12,140,28,"17,460",187,"17,273","73,465",541,"70,613","2,311","65,246",258,"63,715","1,273","1,958",118,"1,768",72,"6,077",153,"4,986",938,184,12,144,28,"17,508",197,"17,311","73,465",543,"70,575","2,347","65,222",260,"63,683","1,279","1,962",118,"1,767",77,"6,099",154,"4,983",962,182,11,142,29,"17,611",202,"17,409","73,477",546,"70,573","2,358","65,244",262,"63,707","1,275","1,947",118,"1,753",76,"6,100",155,"4,967",978,186,11,146,29,"17,631",216,"17,415","73,347",553,"70,446","2,348","65,136",263,"63,615","1,258","1,928",119,"1,730",79,"6,093",160,"4,951",982,190,11,150,29,"17,701",228,"17,473","73,224",556,"70,394","2,274","65,045",263,"63,620","1,162","1,935",121,"1,737",77,"6,048",159,"4,885","1,004",196,13,152,31,"17,669",236,"17,433","73,109",554,"70,281","2,274","64,936",261,"63,515","1,160","1,926",125,"1,726",75,"6,047",155,"4,884","1,008",200,13,156,31,"17,668",245,"17,423","73,083",551,"70,257","2,275","64,909",260,"63,485","1,164","1,914",124,"1,715",75,"6,061",154,"4,901","1,006",199,13,156,30,"17,744",257,"17,487","73,135",551,"70,303","2,281","64,940",260,"63,519","1,161","1,927",125,"1,725",77,"6,067",153,"4,901","1,013",201,13,158,30,"17,962",284,"17,678","72,932",547,"70,120","2,265","64,779",258,"63,380","1,141","1,904",126,"1,701",77,"6,050",150,"4,883","1,017",199,13,156,30,"18,132",310,"17,822"
,성동구,"104,782",362,"93,219","11,201","90,723",118,"82,308","8,297","2,935",46,"1,990",899,"10,830",181,"8,740","1,909",294,17,181,96,"17,099",109,"16,990","104,697",362,"93,163","11,172","90,709",118,"82,277","8,314","2,887",46,"1,958",883,"10,799",181,"8,740","1,878",302,17,188,97,"17,080",109,"16,971","104,531",365,"93,018","11,148","90,578",120,"82,181","8,277","2,876",47,"1,935",894,"10,776",181,"8,715","1,880",301,17,187,97,"17,049",110,"16,939","104,414",364,"93,022","11,028","90,516",120,"82,241","8,155","2,857",47,"1,916",894,"10,735",180,"8,674","1,881",306,17,191,98,"17,068",111,"16,957","104,288",367,"92,960","10,961","90,470",123,"82,244","8,103","2,824",47,"1,888",889,"10,679",179,"8,630","1,870",315,18,198,99,"17,051",112,"16,939","103,875",363,"92,767","10,745","90,117",123,"82,113","7,881","2,832",47,"1,896",889,"10,605",175,"8,554","1,876",321,18,204,99,"17,063",111,"16,952","103,867",361,"92,720","10,786","90,133",120,"82,092","7,921","2,832",48,"1,890",894,"10,580",175,"8,533","1,872",322,18,205,99,"16,935",111,"16,824","104,351",362,"92,549","11,440","90,715",121,"82,018","8,576","2,820",48,"1,868",904,"10,501",175,"8,464","1,862",315,18,199,98,"16,923",112,"16,811","104,414",363,"92,625","11,426","90,767",121,"82,110","8,536","2,832",49,"1,860",923,"10,502",175,"8,458","1,869",313,18,197,98,"16,914",113,"16,801","104,416",372,"92,704","11,340","90,774",129,"82,202","8,443","2,842",50,"1,866",926,"10,489",175,"8,441","1,873",311,18,195,98,"16,896",113,"16,783","104,855",378,"92,806","11,671","91,213",131,"82,331","8,751","2,864",50,"1,861",953,"10,463",178,"8,416","1,869",315,19,198,98,"16,846",111,"16,735","104,784",375,"92,718","11,691","91,144",131,"82,260","8,753","2,878",49,"1,867",962,"10,448",176,"8,394","1,878",314,19,197,98,"16,835",109,"16,726","104,641",375,"92,690","11,576","91,033",131,"82,262","8,640","2,868",49,"1,863",956,"10,424",176,"8,367","1,881",316,19,198,99,"16,822",109,"16,713","104,708",373,"92,686","11,649","91,131",131,"82,289","8,711","2,858",47,"1,851",960,"10,409",176,"8,355","1,878",310,19,191,100,"16,822",105,"16,717","104,783",375,"92,698","11,710","91,259",131,"82,350","8,778","2,837",46,"1,838",953,"10,376",179,"8,318","1,879",311,19,192,100,"16,857",104,"16,753","105,069",373,"92,753","11,943","91,600",131,"82,495","8,974","2,856",46,"1,818",992,"10,300",177,"8,247","1,876",313,19,193,101,"16,833",104,"16,729","104,816",373,"92,592","11,851","91,404",131,"82,387","8,886","2,840",46,"1,806",988,"10,260",177,"8,208","1,875",312,19,191,102,"16,790",104,"16,686","104,781",376,"92,281","12,124","91,429",132,"82,131","9,166","2,820",46,"1,792",982,"10,220",179,"8,169","1,872",312,19,189,104,"16,772",104,"16,668","104,650",374,"92,144","12,132","91,360",132,"82,049","9,179","2,789",46,"1,766",977,"10,186",178,"8,137","1,871",315,18,192,105,"16,795",104,"16,691","104,476",375,"92,068","12,033","91,183",132,"81,960","9,091","2,785",46,"1,762",977,"10,191",179,"8,151","1,861",317,18,195,104,"16,768",104,"16,664","104,421",372,"92,115","11,934","91,158",131,"82,031","8,996","2,760",46,"1,739",975,"10,185",177,"8,147","1,861",318,18,198,102,"16,709",105,"16,604","104,163",373,"92,111","11,679","90,910",132,"82,022","8,756","2,749",47,"1,739",963,"10,190",176,"8,155","1,859",314,18,195,101,"16,660",105,"16,555","104,521",372,"92,100","12,049","91,188",131,"82,016","9,041","2,733",47,"1,726",960,"10,249",176,"8,156","1,917",351,18,202,131,"16,634",106,"16,528","104,009",375,"92,000","11,634","90,734",131,"81,943","8,660","2,679",48,"1,702",929,"10,248",178,"8,153","1,917",348,18,202,128,"16,589",107,"16,482","104,230",378,"91,893","11,959","91,070",134,"81,954","8,982","2,669",48,"1,690",931,"10,140",178,"8,044","1,918",351,18,205,128,"16,564",107,"16,457"
,광진구,"97,936",313,"91,917","5,706","83,908",89,"80,447","3,372","2,739",43,"2,339",357,"10,907",170,"9,022","1,715",382,11,109,262,"18,987",176,"18,811","97,927",319,"91,942","5,666","83,910",89,"80,492","3,329","2,723",43,"2,325",355,"10,910",176,"9,013","1,721",384,11,112,261,"19,012",176,"18,836","97,920",326,"91,978","5,616","83,908",90,"80,536","3,282","2,713",44,"2,315",354,"10,910",181,"9,013","1,716",389,11,114,264,"19,023",172,"18,851","97,866",327,"91,948","5,591","83,919",92,"80,537","3,290","2,693",44,"2,295",354,"10,865",180,"9,001","1,684",389,11,115,263,"19,079",172,"18,907","97,886",330,"92,073","5,483","83,967",92,"80,669","3,206","2,681",44,"2,283",354,"10,881",183,"9,006","1,692",357,11,115,231,"19,062",172,"18,890","97,941",328,"92,186","5,427","84,151",91,"80,834","3,226","2,647",43,"2,266",338,"10,854",183,"8,971","1,700",289,11,115,163,"19,149",172,"18,977","98,141",328,"92,408","5,405","84,366",91,"81,051","3,224","2,627",42,"2,249",336,"10,858",185,"8,991","1,682",290,10,117,163,"19,210",172,"19,038","97,898",327,"92,374","5,197","84,258",91,"81,044","3,123","2,611",42,"2,237",332,"10,794",184,"8,973","1,637",235,10,120,105,"19,220",172,"19,048","97,808",330,"92,303","5,175","84,184",93,"80,988","3,103","2,609",44,"2,229",336,"10,781",183,"8,966","1,632",234,10,120,104,"19,229",172,"19,057","97,627",331,"92,125","5,171","84,058",93,"80,880","3,085","2,601",45,"2,222",334,"10,730",182,"8,900","1,648",238,11,123,104,"19,169",172,"18,997","97,574",324,"92,098","5,152","84,048",93,"80,891","3,064","2,582",45,"2,206",331,"10,703",175,"8,876","1,652",241,11,125,105,"19,177",172,"19,005","97,372",324,"91,930","5,118","83,887",93,"80,763","3,031","2,578",45,"2,202",331,"10,666",175,"8,841","1,650",241,11,124,106,"19,188",172,"19,016","97,218",323,"91,792","5,103","83,767",92,"80,662","3,013","2,569",45,"2,190",334,"10,635",175,"8,813","1,647",247,11,127,109,"19,188",172,"19,016","97,233",321,"91,795","5,117","83,831",92,"80,705","3,034","2,551",45,"2,172",334,"10,606",173,"8,793","1,640",245,11,125,109,"19,187",171,"19,016","97,175",320,"91,736","5,119","83,863",92,"80,732","3,039","2,534",45,"2,153",336,"10,534",172,"8,726","1,636",244,11,125,108,"19,261",170,"19,091","97,081",318,"91,582","5,181","83,796",92,"80,620","3,084","2,524",44,"2,139",341,"10,518",172,"8,700","1,646",243,10,123,110,"19,258",171,"19,087","96,866",320,"91,383","5,163","83,720",92,"80,537","3,091","2,481",46,"2,105",330,"10,422",172,"8,617","1,633",243,10,124,109,"19,273",173,"19,100","96,700",319,"91,243","5,138","83,657",91,"80,461","3,105","2,456",45,"2,085",326,"10,341",172,"8,570","1,599",246,11,127,108,"19,321",173,"19,148","96,622",318,"91,152","5,152","83,615",91,"80,388","3,136","2,441",45,"2,064",332,"10,322",172,"8,573","1,577",244,10,127,107,"19,357",173,"19,184","96,427",314,"91,007","5,106","83,479",90,"80,316","3,073","2,414",45,"2,037",332,"10,288",169,"8,525","1,594",246,10,129,107,"19,380",173,"19,207","96,356",310,"91,056","4,990","83,326",89,"80,246","2,991","2,402",43,"2,027",332,"10,378",168,"8,651","1,559",250,10,132,108,"19,374",174,"19,200","96,335",311,"91,076","4,948","83,131",89,"80,086","2,956","2,388",44,"2,018",326,"10,570",168,"8,844","1,558",246,10,128,108,"19,472",175,"19,297","95,990",311,"90,770","4,909","83,101",89,"80,072","2,940","2,365",44,"2,006",315,"10,277",168,"8,565","1,544",247,10,127,110,"19,432",175,"19,257","95,829",306,"90,612","4,911","82,950",87,"79,908","2,955","2,359",43,"2,003",313,"10,276",166,"8,576","1,534",244,10,125,109,"19,407",175,"19,232","95,888",304,"90,675","4,909","83,024",86,"79,975","2,963","2,330",44,"1,973",313,"10,291",164,"8,603","1,524",243,10,124,109,"19,449",174,"19,275"
,동대문구,"99,947",306,"94,783","4,858","84,394",101,"81,859","2,434","3,046",56,"2,830",160,"12,227",139,"9,930","2,158",280,10,164,106,"24,217",180,"24,037","100,103",305,"94,918","4,880","84,559",101,"82,008","2,450","3,019",56,"2,808",155,"12,251",138,"9,939","2,174",274,10,163,101,"24,260",180,"24,080","100,165",306,"94,996","4,863","84,652",101,"82,115","2,436","2,990",57,"2,778",155,"12,243",138,"9,936","2,169",280,10,167,103,"24,333",172,"24,161","100,625",308,"95,305","5,012","85,114",103,"82,447","2,564","2,984",57,"2,770",157,"12,246",138,"9,918","2,190",281,10,170,101,"24,368",172,"24,196","101,055",308,"95,624","5,123","85,575",104,"82,788","2,683","2,976",56,"2,762",158,"12,217",138,"9,897","2,182",287,10,177,100,"24,412",165,"24,247","101,674",306,"96,180","5,188","86,231",103,"83,388","2,740","2,937",56,"2,723",158,"12,213",137,"9,887","2,189",293,10,182,101,"24,446",165,"24,281","102,127",304,"96,619","5,204","86,680",102,"83,824","2,754","2,941",56,"2,728",157,"12,214",136,"9,888","2,190",292,10,179,103,"24,542",165,"24,377","102,467",305,"96,913","5,249","86,989",102,"84,087","2,800","2,923",56,"2,712",155,"12,254",137,"9,927","2,190",301,10,187,104,"24,553",164,"24,389","102,610",308,"97,029","5,273","87,163",103,"84,245","2,815","2,888",57,"2,678",153,"12,257",138,"9,917","2,202",302,10,189,103,"24,488",164,"24,324","102,637",307,"96,998","5,332","87,240",104,"84,257","2,879","2,883",57,"2,674",152,"12,210",136,"9,873","2,201",304,10,194,100,"24,458",164,"24,294","102,695",306,"97,034","5,355","87,309",103,"84,309","2,897","2,875",55,"2,666",154,"12,203",138,"9,861","2,204",308,10,198,100,"24,446",164,"24,282","102,676",299,"97,035","5,342","87,298",102,"84,302","2,894","2,873",55,"2,664",154,"12,194",132,"9,868","2,194",311,10,201,100,"24,453",164,"24,289","102,749",297,"97,111","5,341","87,445",101,"84,444","2,900","2,851",55,"2,642",154,"12,140",131,"9,824","2,185",313,10,201,102,"24,414",163,"24,251","102,786",295,"97,166","5,325","87,535",100,"84,548","2,887","2,825",54,"2,629",142,"12,123",131,"9,793","2,199",303,10,196,97,"24,442",163,"24,279","102,790",294,"97,131","5,365","87,581",100,"84,564","2,917","2,807",53,"2,608",146,"12,095",131,"9,760","2,204",307,10,199,98,"24,427",163,"24,264","102,775",296,"97,093","5,386","87,588",101,"84,549","2,938","2,773",54,"2,573",146,"12,104",131,"9,769","2,204",310,10,202,98,"24,440",163,"24,277","102,737",297,"97,098","5,342","87,597",102,"84,586","2,909","2,750",54,"2,564",132,"12,081",131,"9,748","2,202",309,10,200,99,"24,446",161,"24,285","102,648",303,"97,009","5,336","87,560",106,"84,542","2,912","2,727",55,"2,541",131,"12,049",131,"9,722","2,196",312,11,204,97,"24,444",160,"24,284","102,841",305,"97,166","5,370","87,770",106,"84,719","2,945","2,711",58,"2,521",132,"12,047",130,"9,722","2,195",313,11,204,98,"24,479",160,"24,319","102,848",311,"97,160","5,377","87,805",107,"84,749","2,949","2,698",61,"2,505",132,"12,034",132,"9,703","2,199",311,11,203,97,"24,464",160,"24,304","102,657",304,"96,975","5,378","87,701",108,"84,639","2,954","2,660",56,"2,474",130,"11,985",128,"9,661","2,196",311,12,201,98,"24,457",160,"24,297","102,535",306,"96,847","5,382","87,568",109,"84,500","2,959","2,660",58,"2,476",126,"11,996",127,"9,670","2,199",311,12,201,98,"24,404",160,"24,244","102,626",304,"96,975","5,347","87,693",106,"84,656","2,931","2,649",58,"2,466",125,"11,973",128,"9,651","2,194",311,12,202,97,"24,381",160,"24,221","103,025",305,"97,371","5,349","88,140",106,"85,105","2,929","2,643",58,"2,461",124,"11,935",129,"9,606","2,200",307,12,199,96,"24,355",157,"24,198","103,502",305,"97,840","5,357","88,653",105,"85,627","2,921","2,625",58,"2,439",128,"11,920",131,"9,578","2,211",304,11,196,97,"24,378",157,"24,221"
,중랑구,"116,523",250,"106,642","9,631","97,274",80,"91,210","5,984","3,941",34,"3,371",536,"14,779",118,"11,874","2,787",529,18,187,324,"25,212",117,"25,095","116,608",247,"106,687","9,674","97,378",80,"91,294","6,004","3,926",33,"3,354",539,"14,776",118,"11,850","2,808",528,16,189,323,"25,203",116,"25,087","116,677",246,"106,763","9,668","97,437",80,"91,367","5,990","3,900",33,"3,328",539,"14,809",118,"11,878","2,813",531,15,190,326,"25,193",113,"25,080","116,575",251,"106,709","9,615","97,393",80,"91,374","5,939","3,871",33,"3,305",533,"14,778",123,"11,837","2,818",533,15,193,325,"25,197",113,"25,084","116,542",251,"106,668","9,623","97,401",80,"91,380","5,941","3,847",33,"3,280",534,"14,755",123,"11,811","2,821",539,15,197,327,"25,239",114,"25,125","116,363",253,"106,519","9,591","97,305",82,"91,302","5,921","3,825",33,"3,260",532,"14,695",123,"11,760","2,812",538,15,197,326,"25,269",115,"25,154","116,415",252,"106,567","9,596","97,387",81,"91,372","5,934","3,798",32,"3,234",532,"14,689",124,"11,762","2,803",541,15,199,327,"25,371",115,"25,256","116,284",254,"106,482","9,548","97,282",82,"91,317","5,883","3,766",32,"3,203",531,"14,684",124,"11,757","2,803",552,16,205,331,"25,350",115,"25,235","116,262",254,"106,458","9,550","97,299",82,"91,314","5,903","3,733",32,"3,172",529,"14,679",124,"11,765","2,790",551,16,207,328,"25,317",114,"25,203","116,428",251,"106,591","9,586","97,492",83,"91,504","5,905","3,725",32,"3,151",542,"14,661",121,"11,730","2,810",550,15,206,329,"25,331",115,"25,216","116,554",251,"106,656","9,647","97,656",83,"91,639","5,934","3,710",32,"3,120",558,"14,635",121,"11,685","2,829",553,15,212,326,"25,329",115,"25,214","116,613",252,"106,737","9,624","97,713",83,"91,711","5,919","3,699",32,"3,108",559,"14,648",122,"11,708","2,818",553,15,210,328,"25,390",115,"25,275","116,575",253,"106,657","9,665","97,716",84,"91,698","5,934","3,669",32,"3,067",570,"14,632",122,"11,681","2,829",558,15,211,332,"25,430",115,"25,315","116,580",253,"106,691","9,636","97,726",84,"91,736","5,906","3,658",33,"3,052",573,"14,636",122,"11,688","2,826",560,14,215,331,"25,449",115,"25,334","116,678",246,"106,814","9,618","97,854",78,"91,873","5,903","3,655",33,"3,051",571,"14,611",121,"11,674","2,816",558,14,216,328,"25,461",115,"25,346","116,730",246,"106,814","9,670","97,935",78,"91,898","5,959","3,636",33,"3,032",571,"14,598",121,"11,665","2,812",561,14,219,328,"25,496",115,"25,381","116,711",247,"106,789","9,675","98,016",78,"91,962","5,976","3,602",33,"2,999",570,"14,533",122,"11,610","2,801",560,14,218,328,"25,492",115,"25,377","116,564",250,"106,649","9,665","97,939",78,"91,894","5,967","3,581",33,"2,968",580,"14,482",125,"11,565","2,792",562,14,222,326,"25,552",115,"25,437","116,500",250,"106,602","9,648","97,932",78,"91,897","5,957","3,561",33,"2,948",580,"14,444",125,"11,534","2,785",563,14,223,326,"25,628",115,"25,513","116,320",247,"106,436","9,637","97,834",78,"91,798","5,958","3,526",33,"2,925",568,"14,395",122,"11,492","2,781",565,14,221,330,"25,625",115,"25,510","116,203",248,"106,306","9,649","97,802",78,"91,753","5,971","3,501",33,"2,900",568,"14,337",123,"11,431","2,783",563,14,222,327,"25,614",115,"25,499","116,136",247,"106,197","9,692","97,761",78,"91,673","6,010","3,496",33,"2,887",576,"14,312",122,"11,409","2,781",567,14,228,325,"25,600",115,"25,485","116,066",246,"106,137","9,683","97,711",78,"91,625","6,008","3,484",33,"2,872",579,"14,307",121,"11,410","2,776",564,14,230,320,"25,579",115,"25,464","115,877",247,"105,938","9,692","97,532",79,"91,434","6,019","3,468",33,"2,856",579,"14,310",121,"11,414","2,775",567,14,234,319,"25,579",115,"25,464","115,735",248,"105,768","9,719","97,449",80,"91,335","6,034","3,452",33,"2,837",582,"14,264",121,"11,362","2,781",570,14,234,322,"25,574",115,"25,459"
,성북구,"122,811",299,"117,403","5,109","107,655",96,"105,432","2,127","4,239",47,"3,063","1,129","10,630",148,"8,736","1,746",287,8,172,107,"23,807",241,"23,566","122,885",292,"117,479","5,114","107,749",91,"105,530","2,128","4,228",48,"3,048","1,132","10,619",145,"8,728","1,746",289,8,173,108,"23,857",240,"23,617","122,850",300,"117,445","5,105","107,758",97,"105,533","2,128","4,220",49,"3,040","1,131","10,578",145,"8,693","1,740",294,9,179,106,"23,852",233,"23,619","122,899",299,"117,492","5,108","107,822",96,"105,597","2,129","4,208",49,"3,029","1,130","10,575",145,"8,688","1,742",294,9,178,107,"23,899",233,"23,666","122,862",298,"117,466","5,098","107,795",96,"105,576","2,123","4,193",49,"3,016","1,128","10,578",144,"8,695","1,739",296,9,179,108,"23,901",233,"23,668","122,724",299,"117,329","5,096","107,696",96,"105,471","2,129","4,185",50,"3,007","1,128","10,544",144,"8,668","1,732",299,9,183,107,"23,893",232,"23,661","122,668",301,"117,290","5,077","107,715",96,"105,497","2,122","4,163",50,"2,984","1,129","10,491",145,"8,624","1,722",299,10,185,104,"23,905",232,"23,673","122,648",301,"117,258","5,089","107,707",96,"105,482","2,129","4,144",50,"2,962","1,132","10,497",145,"8,628","1,724",300,10,186,104,"23,889",232,"23,657","122,638",300,"117,243","5,095","107,708",96,"105,478","2,134","4,140",50,"2,957","1,133","10,492",145,"8,624","1,723",298,9,184,105,"23,839",232,"23,607","122,505",297,"117,134","5,074","107,609",96,"105,387","2,126","4,134",50,"2,954","1,130","10,465",142,"8,609","1,714",297,9,184,104,"23,743",232,"23,511","122,349",298,"117,066","4,985","107,489",95,"105,347","2,047","4,104",50,"2,942","1,112","10,455",144,"8,589","1,722",301,9,188,104,"23,730",232,"23,498","122,198",296,"116,922","4,980","107,363",95,"105,227","2,041","4,089",49,"2,929","1,111","10,445",143,"8,578","1,724",301,9,188,104,"23,728",232,"23,496","122,135",293,"116,875","4,967","107,348",94,"105,211","2,043","4,057",48,"2,910","1,099","10,433",143,"8,569","1,721",297,8,185,104,"23,694",232,"23,462","122,127",288,"116,874","4,965","107,372",94,"105,236","2,042","4,042",48,"2,894","1,100","10,411",138,"8,555","1,718",302,8,189,105,"23,690",232,"23,458","122,096",288,"116,871","4,937","107,388",94,"105,272","2,022","4,009",48,"2,860","1,101","10,399",138,"8,550","1,711",300,8,189,103,"23,755",232,"23,523","122,101",289,"116,885","4,927","107,445",94,"105,340","2,011","3,984",49,"2,835","1,100","10,373",138,"8,521","1,714",299,8,189,102,"23,791",232,"23,559","122,072",292,"116,860","4,920","107,474",96,"105,373","2,005","3,947",50,"2,795","1,102","10,346",138,"8,496","1,712",305,8,196,101,"23,774",234,"23,540","122,069",292,"116,853","4,924","107,470",96,"105,369","2,005","3,934",50,"2,781","1,103","10,359",138,"8,507","1,714",306,8,196,102,"23,823",234,"23,589","121,970",293,"116,768","4,909","107,451",95,"105,355","2,001","3,907",50,"2,753","1,104","10,308",140,"8,466","1,702",304,8,194,102,"23,858",234,"23,624","121,909",289,"116,720","4,900","107,424",93,"105,333","1,998","3,890",48,"2,738","1,104","10,288",140,"8,453","1,695",307,8,196,103,"23,854",233,"23,621","121,869",287,"116,712","4,870","107,427",91,"105,351","1,985","3,877",49,"2,724","1,104","10,259",139,"8,441","1,679",306,8,196,102,"23,839",233,"23,606","121,752",289,"116,592","4,871","107,382",91,"105,298","1,993","3,853",48,"2,702","1,103","10,208",142,"8,392","1,674",309,8,200,101,"23,819",232,"23,587","121,606",288,"116,457","4,861","107,293",92,"105,216","1,985","3,827",47,"2,679","1,101","10,178",141,"8,364","1,673",308,8,198,102,"23,763",227,"23,536","121,292",289,"116,152","4,851","107,029",92,"104,955","1,982","3,805",48,"2,661","1,096","10,155",141,"8,340","1,674",303,8,196,99,"23,716",227,"23,489","121,078",290,"115,939","4,849","106,908",92,"104,827","1,989","3,765",47,"2,622","1,096","10,100",143,"8,291","1,666",305,8,199,98,"23,678",227,"23,451"
,강북구,"75,166",312,"70,686","4,168","63,158",102,"60,992","2,064","3,146",66,"2,364",716,"8,613",130,"7,207","1,276",249,14,123,112,"18,027",41,"17,986","75,175",311,"70,682","4,182","63,193",102,"61,021","2,070","3,131",66,"2,348",717,"8,598",129,"7,187","1,282",253,14,126,113,"18,020",40,"17,980","75,185",314,"70,656","4,215","63,213",102,"61,014","2,097","3,114",67,"2,329",718,"8,598",131,"7,180","1,287",260,14,133,113,"18,015",36,"17,979","75,103",319,"70,567","4,217","63,136",106,"60,933","2,097","3,107",68,"2,322",717,"8,602",131,"7,181","1,290",258,14,131,113,"18,038",36,"18,002","75,119",319,"70,581","4,219","63,182",105,"60,976","2,101","3,093",68,"2,308",717,"8,584",132,"7,163","1,289",260,14,134,112,"18,078",36,"18,042","74,992",314,"70,449","4,229","63,083",102,"60,875","2,106","3,084",65,"2,301",718,"8,565",133,"7,138","1,294",260,14,135,111,"18,063",36,"18,027","74,962",314,"70,412","4,236","63,059",102,"60,847","2,110","3,068",65,"2,287",716,"8,571",133,"7,139","1,299",264,14,139,111,"18,098",36,"18,062","74,754",314,"70,195","4,245","62,910",102,"60,695","2,113","3,037",65,"2,254",718,"8,536",133,"7,102","1,301",271,14,144,113,"18,067",36,"18,031","74,659",317,"70,109","4,233","62,853",102,"60,651","2,100","3,029",66,"2,246",717,"8,510",135,"7,071","1,304",267,14,141,112,"18,084",36,"18,048","74,549",316,"69,993","4,240","62,790",105,"60,580","2,105","3,010",65,"2,228",717,"8,476",132,"7,039","1,305",273,14,146,113,"18,019",36,"17,983","74,477",318,"69,919","4,240","62,730",105,"60,527","2,098","3,006",67,"2,221",718,"8,466",132,"7,024","1,310",275,14,147,114,"17,968",36,"17,932","74,398",319,"69,850","4,229","62,677",106,"60,478","2,093","2,997",67,"2,212",718,"8,451",132,"7,014","1,305",273,14,146,113,"17,971",36,"17,935","74,169",320,"69,628","4,221","62,522",107,"60,324","2,091","2,973",67,"2,188",718,"8,398",132,"6,968","1,298",276,14,148,114,"17,973",36,"17,937","74,089",321,"69,565","4,203","62,471",107,"60,285","2,079","2,958",67,"2,174",717,"8,385",132,"6,958","1,295",275,15,148,112,"17,903",35,"17,868","74,054",323,"69,538","4,193","62,435",108,"60,247","2,080","2,941",68,"2,157",716,"8,400",132,"6,981","1,287",278,15,153,110,"17,752",35,"17,717","73,920",322,"69,422","4,176","62,369",106,"60,200","2,063","2,918",69,"2,136",713,"8,355",132,"6,932","1,291",278,15,154,109,"17,741",35,"17,706","73,778",320,"69,268","4,190","62,318",107,"60,126","2,085","2,891",69,"2,109",713,"8,290",130,"6,878","1,282",279,14,155,110,"17,748",40,"17,708","73,697",320,"69,176","4,201","62,287",107,"60,092","2,088","2,875",69,"2,092",714,"8,252",130,"6,834","1,288",283,14,158,111,"17,751",40,"17,711","73,784",320,"69,262","4,202","62,423",109,"60,227","2,087","2,860",69,"2,077",714,"8,219",128,"6,801","1,290",282,14,157,111,"17,817",40,"17,777","73,860",320,"69,342","4,198","62,549",108,"60,350","2,091","2,855",69,"2,071",715,"8,175",129,"6,765","1,281",281,14,156,111,"17,916",41,"17,875","73,823",326,"69,303","4,194","62,534",113,"60,333","2,088","2,845",69,"2,059",717,"8,164",130,"6,755","1,279",280,14,156,110,"17,903",37,"17,866","73,728",327,"69,210","4,191","62,491",111,"60,294","2,086","2,838",68,"2,053",717,"8,120",133,"6,709","1,278",279,15,154,110,"17,848",37,"17,811","73,738",326,"69,216","4,196","62,510",111,"60,308","2,091","2,829",68,"2,046",715,"8,114",132,"6,704","1,278",285,15,158,112,"17,860",37,"17,823","73,634",328,"69,107","4,199","62,450",113,"60,246","2,091","2,811",68,"2,028",715,"8,089",132,"6,677","1,280",284,15,156,113,"17,862",36,"17,826","73,490",328,"68,963","4,199","62,347",114,"60,135","2,098","2,796",68,"2,013",715,"8,064",131,"6,661","1,272",283,15,154,114,"17,919",36,"17,883"
,도봉구,"95,623",279,"87,951","7,393","81,745",92,"77,030","4,623","3,173",51,"2,529",593,"10,364",124,"8,229","2,011",341,12,163,166,"13,230",142,"13,088","95,537",279,"87,874","7,384","81,693",93,"76,998","4,602","3,172",51,"2,526",595,"10,328",123,"8,184","2,021",344,12,166,166,"13,247",142,"13,105","95,577",281,"87,837","7,459","81,753",94,"76,994","4,665","3,160",51,"2,508",601,"10,318",124,"8,169","2,025",346,12,166,168,"13,246",139,"13,107","95,488",282,"87,731","7,475","81,720",94,"76,956","4,670","3,136",51,"2,484",601,"10,278",125,"8,120","2,033",354,12,171,171,"13,265",139,"13,126","95,444",282,"87,661","7,501","81,672",95,"76,894","4,683","3,139",50,"2,485",604,"10,275",125,"8,107","2,043",358,12,175,171,"13,237",138,"13,099","95,277",281,"87,514","7,482","81,569",94,"76,785","4,690","3,110",50,"2,469",591,"10,240",125,"8,083","2,032",358,12,177,169,"13,264",138,"13,126","95,196",284,"87,411","7,501","81,524",94,"76,731","4,699","3,086",50,"2,445",591,"10,224",128,"8,056","2,040",362,12,179,171,"13,334",138,"13,196","95,163",283,"87,369","7,511","81,502",94,"76,699","4,709","3,066",50,"2,432",584,"10,239",127,"8,065","2,047",356,12,173,171,"13,355",139,"13,216","95,183",285,"87,391","7,507","81,546",94,"76,756","4,696","3,065",50,"2,421",594,"10,221",129,"8,042","2,050",351,12,172,167,"13,350",138,"13,212","95,127",278,"87,370","7,479","81,519",92,"76,763","4,664","3,033",48,"2,403",582,"10,219",125,"8,032","2,062",356,13,172,171,"13,352",137,"13,215","95,084",278,"87,340","7,466","81,496",92,"76,748","4,656","3,012",48,"2,382",582,"10,221",125,"8,036","2,060",355,13,174,168,"13,365",137,"13,228","95,044",277,"87,312","7,455","81,440",92,"76,705","4,643","3,009",48,"2,370",591,"10,245",125,"8,066","2,054",350,12,171,167,"13,377",136,"13,241","94,946",276,"87,254","7,416","81,395",91,"76,681","4,623","2,975",48,"2,352",575,"10,226",125,"8,049","2,052",350,12,172,166,"13,402",136,"13,266","94,939",277,"87,181","7,481","81,366",92,"76,655","4,619","3,013",48,"2,330",635,"10,205",125,"8,021","2,059",355,12,175,168,"13,385",136,"13,249","94,832",276,"87,101","7,455","81,326",92,"76,631","4,603","2,995",48,"2,316",631,"10,155",124,"7,974","2,057",356,12,180,164,"13,399",136,"13,263","94,733",277,"87,040","7,416","81,271",92,"76,579","4,600","2,955",48,"2,308",599,"10,149",125,"7,971","2,053",358,12,182,164,"13,440",136,"13,304","94,625",281,"86,896","7,448","81,239",92,"76,504","4,643","2,910",48,"2,274",588,"10,115",129,"7,931","2,055",361,12,187,162,"13,467",136,"13,331","94,418",281,"86,713","7,424","81,075",92,"76,344","4,639","2,878",48,"2,252",578,"10,105",129,"7,926","2,050",360,12,191,157,"13,473",136,"13,337","94,342",280,"86,667","7,395","81,017",92,"76,305","4,620","2,866",48,"2,240",578,"10,099",128,"7,930","2,041",360,12,192,156,"13,525",136,"13,389","94,160",281,"86,511","7,368","80,873",92,"76,182","4,599","2,838",48,"2,220",570,"10,087",129,"7,915","2,043",362,12,194,156,"13,504",136,"13,368","94,103",280,"86,475","7,348","80,846",92,"76,173","4,581","2,820",48,"2,211",561,"10,076",128,"7,898","2,050",361,12,193,156,"13,469",137,"13,332","94,041",276,"86,425","7,340","80,810",92,"76,137","4,581","2,801",48,"2,188",565,"10,068",124,"7,908","2,036",362,12,192,158,"13,457",137,"13,320","94,084",275,"86,450","7,359","80,883",91,"76,179","4,613","2,785",48,"2,182",555,"10,056",124,"7,896","2,036",360,12,193,155,"13,449",137,"13,312","93,999",274,"86,370","7,355","80,814",91,"76,120","4,603","2,779",48,"2,171",560,"10,043",123,"7,885","2,035",363,12,194,157,"13,470",136,"13,334","93,928",275,"86,325","7,328","80,796",92,"76,129","4,575","2,749",48,"2,139",562,"10,023",123,"7,862","2,038",360,12,195,153,"13,481",136,"13,345"
,노원구,"152,633",324,"143,548","8,761","135,126",84,"129,504","5,538","4,534",52,"3,646",836,"12,485",176,"10,173","2,136",488,12,225,251,"15,177",106,"15,071","152,595",323,"143,520","8,752","135,141",84,"129,535","5,522","4,491",52,"3,604",835,"12,473",175,"10,155","2,143",490,12,226,252,"15,164",106,"15,058","152,503",319,"143,466","8,718","135,106",83,"129,516","5,507","4,468",52,"3,584",832,"12,442",174,"10,137","2,131",487,10,229,248,"15,135",105,"15,030","152,329",318,"143,288","8,723","134,942",83,"129,347","5,512","4,456",52,"3,578",826,"12,434",173,"10,127","2,134",497,10,236,251,"15,128",105,"15,023","152,465",318,"143,420","8,727","135,113",83,"129,528","5,502","4,422",52,"3,543",827,"12,427",173,"10,110","2,144",503,10,239,254,"15,043",116,"14,927","152,478",318,"143,413","8,747","135,210",83,"129,600","5,527","4,387",52,"3,513",822,"12,380",173,"10,064","2,143",501,10,236,255,"15,065",115,"14,950","152,633",321,"143,565","8,747","135,392",83,"129,781","5,528","4,363",52,"3,493",818,"12,373",175,"10,054","2,144",505,11,237,257,"15,130",115,"15,015","152,580",324,"143,520","8,736","135,369",83,"129,771","5,515","4,339",52,"3,469",818,"12,365",177,"10,042","2,146",507,12,238,257,"15,170",115,"15,055","152,647",325,"143,596","8,726","135,426",83,"129,843","5,500","4,335",53,"3,466",816,"12,365",177,"10,037","2,151",521,12,250,259,"15,148",114,"15,034","152,510",325,"143,458","8,727","135,346",83,"129,767","5,496","4,309",56,"3,438",815,"12,332",174,"10,000","2,158",523,12,253,258,"15,120",114,"15,006","152,408",326,"143,407","8,675","135,277",83,"129,730","5,464","4,271",56,"3,430",785,"12,331",175,"9,989","2,167",529,12,258,259,"15,115",114,"15,001","152,320",329,"143,323","8,668","135,236",84,"129,689","5,463","4,251",58,"3,413",780,"12,302",175,"9,960","2,167",531,12,261,258,"15,063",114,"14,949","152,155",329,"143,182","8,644","135,158",85,"129,620","5,453","4,222",58,"3,391",773,"12,239",174,"9,908","2,157",536,12,263,261,"15,091",114,"14,977","152,189",326,"143,224","8,639","135,216",83,"129,687","5,446","4,213",54,"3,388",771,"12,225",177,"9,885","2,163",535,12,264,259,"15,149",112,"15,037","152,120",326,"143,150","8,644","135,154",83,"129,619","5,452","4,198",54,"3,374",770,"12,230",177,"9,890","2,163",538,12,267,259,"15,146",112,"15,034","152,070",326,"143,047","8,697","135,178",84,"129,587","5,507","4,168",54,"3,348",766,"12,184",176,"9,844","2,164",540,12,268,260,"15,163",112,"15,051","152,124",327,"142,994","8,803","135,311",84,"129,615","5,612","4,133",56,"3,311",766,"12,138",175,"9,797","2,166",542,12,271,259,"15,229",114,"15,115","152,142",324,"143,016","8,802","135,358",84,"129,663","5,611","4,113",54,"3,289",770,"12,119",175,"9,783","2,161",552,11,281,260,"15,236",114,"15,122","152,038",325,"142,918","8,795","135,306",84,"129,603","5,619","4,095",54,"3,275",766,"12,079",176,"9,755","2,148",558,11,285,262,"15,286",114,"15,172","151,771",326,"142,647","8,798","135,114",85,"129,402","5,627","4,070",54,"3,250",766,"12,032",176,"9,715","2,141",555,11,280,264,"15,264",114,"15,150","151,720",320,"142,576","8,824","135,110",81,"129,379","5,650","4,038",52,"3,221",765,"12,020",176,"9,699","2,145",552,11,277,264,"15,277",114,"15,163","151,503",319,"142,424","8,760","134,954",81,"129,273","5,600","4,004",52,"3,200",752,"12,000",175,"9,676","2,149",545,11,275,259,"15,217",118,"15,099","151,436",319,"142,350","8,767","134,908",81,"129,224","5,603","3,992",52,"3,187",753,"11,992",175,"9,668","2,149",544,11,271,262,"15,233",118,"15,115","151,308",320,"142,242","8,746","134,798",81,"129,124","5,593","3,972",52,"3,166",754,"12,001",176,"9,683","2,142",537,11,269,257,"15,255",118,"15,137","151,000",315,"141,966","8,719","134,596",81,"128,944","5,571","3,930",52,"3,127",751,"11,946",171,"9,630","2,145",528,11,265,252,"15,291",118,"15,173"
,은평구,"133,469",288,"126,226","6,955","116,710",94,"112,555","4,061","4,126",43,"3,337",746,"12,265",135,"10,181","1,949",368,16,153,199,"19,537",138,"19,399","133,448",288,"126,189","6,971","116,728",93,"112,577","4,058","4,107",43,"3,320",744,"12,245",136,"10,141","1,968",368,16,151,201,"19,527",138,"19,389","133,358",291,"126,039","7,028","116,688",94,"112,473","4,121","4,074",43,"3,293",738,"12,236",138,"10,124","1,974",360,16,149,195,"19,509",135,"19,374","133,366",293,"126,055","7,018","116,717",95,"112,519","4,103","4,050",44,"3,268",738,"12,238",138,"10,116","1,984",361,16,152,193,"19,542",135,"19,407","133,628",293,"126,315","7,020","117,015",96,"112,825","4,094","4,021",43,"3,241",737,"12,228",138,"10,094","1,996",364,16,155,193,"19,565",133,"19,432","134,357",293,"127,020","7,044","117,765",95,"113,567","4,103","3,993",43,"3,215",735,"12,230",139,"10,081","2,010",369,16,157,196,"19,678",134,"19,544","134,959",299,"127,585","7,075","118,361",101,"114,146","4,114","3,980",44,"3,202",734,"12,244",138,"10,074","2,032",374,16,163,195,"19,721",136,"19,585","135,231",302,"127,856","7,073","118,680",101,"114,470","4,109","3,962",44,"3,181",737,"12,211",141,"10,037","2,033",378,16,168,194,"19,753",135,"19,618","135,299",300,"127,918","7,081","118,792",101,"114,571","4,120","3,925",44,"3,143",738,"12,205",140,"10,033","2,032",377,15,171,191,"19,741",135,"19,606","135,169",301,"127,774","7,094","118,722",100,"114,497","4,125","3,899",44,"3,118",737,"12,168",141,"9,982","2,045",380,16,177,187,"19,704",134,"19,570","135,084",300,"127,738","7,046","118,657",99,"114,501","4,057","3,881",44,"3,107",730,"12,156",139,"9,947","2,070",390,18,183,189,"19,715",134,"19,581","134,974",300,"127,626","7,048","118,566",99,"114,406","4,061","3,861",45,"3,087",729,"12,162",139,"9,951","2,072",385,17,182,186,"19,734",134,"19,600","135,047",300,"127,717","7,030","118,673",99,"114,527","4,047","3,829",45,"3,054",730,"12,153",139,"9,951","2,063",392,17,185,190,"19,787",133,"19,654","135,005",301,"127,658","7,046","118,687",100,"114,534","4,053","3,823",45,"3,035",743,"12,104",140,"9,903","2,061",391,16,186,189,"19,897",132,"19,765","135,019",301,"127,659","7,059","118,732",100,"114,579","4,053","3,801",46,"3,014",741,"12,095",139,"9,880","2,076",391,16,186,189,"19,965",131,"19,834","134,794",301,"127,445","7,048","118,560",100,"114,409","4,051","3,763",46,"2,977",740,"12,081",139,"9,876","2,066",390,16,183,191,"19,993",131,"19,862","134,632",302,"127,287","7,043","118,477",100,"114,333","4,044","3,735",46,"2,949",740,"12,023",140,"9,817","2,066",397,16,188,193,"20,000",131,"19,869","134,376",306,"127,035","7,035","118,247",101,"114,108","4,038","3,721",47,"2,931",743,"12,015",143,"9,809","2,063",393,15,187,191,"20,064",131,"19,933","134,337",304,"127,014","7,019","118,234",101,"114,103","4,030","3,706",47,"2,916",743,"12,005",141,"9,806","2,058",392,15,189,188,"20,109",131,"19,978","134,127",306,"126,812","7,009","118,080",101,"113,954","4,025","3,680",47,"2,890",743,"11,975",143,"9,777","2,055",392,15,191,186,"20,128",131,"19,997","134,044",304,"126,725","7,015","118,053",101,"113,921","4,031","3,672",46,"2,883",743,"11,921",142,"9,724","2,055",398,15,197,186,"20,138",131,"20,007","134,017",302,"126,691","7,024","118,065",101,"113,914","4,050","3,647",46,"2,853",748,"11,902",139,"9,723","2,040",403,16,201,186,"20,166",131,"20,035","134,190",301,"126,838","7,051","118,262",100,"114,083","4,079","3,632",46,"2,837",749,"11,890",139,"9,716","2,035",406,16,202,188,"20,172",131,"20,041","134,098",300,"126,738","7,060","118,179",100,"113,994","4,085","3,623",46,"2,829",748,"11,892",138,"9,712","2,042",404,16,203,185,"20,169",132,"20,037","133,936",301,"126,588","7,047","118,089",100,"113,913","4,076","3,597",46,"2,803",748,"11,845",139,"9,671","2,035",405,16,201,188,"20,194",132,"20,062"
,서대문구,"91,862",454,"85,757","5,651","80,879",206,"77,411","3,262","2,761",108,"2,214",439,"7,978",131,"6,002","1,845",244,9,130,105,"13,666",147,"13,519","91,971",453,"85,864","5,654","81,000",205,"77,529","3,266","2,745",108,"2,197",440,"7,978",131,"6,005","1,842",248,9,133,106,"13,681",146,"13,535","91,906",428,"85,897","5,581","80,975",185,"77,580","3,210","2,713",103,"2,180",430,"7,967",131,"6,002","1,834",251,9,135,107,"13,713",136,"13,577","91,947",443,"85,921","5,583","81,033",203,"77,624","3,206","2,697",101,"2,167",429,"7,965",131,"5,994","1,840",252,8,136,108,"13,739",134,"13,605","91,949",446,"85,951","5,552","81,089",206,"77,666","3,217","2,680",100,"2,152",428,"7,928",132,"5,997","1,799",252,8,136,108,"13,720",138,"13,582","91,839",448,"85,845","5,546","81,012",207,"77,588","3,217","2,668",101,"2,141",426,"7,908",132,"5,979","1,797",251,8,137,106,"13,731",154,"13,577","91,858",453,"85,865","5,540","81,048",208,"77,620","3,220","2,661",103,"2,133",425,"7,898",133,"5,976","1,789",251,9,136,106,"13,771",154,"13,617","91,778",454,"85,778","5,546","80,996",207,"77,559","3,230","2,652",103,"2,127",422,"7,879",135,"5,955","1,789",251,9,137,105,"13,779",157,"13,622","91,725",452,"85,758","5,515","81,016",207,"77,594","3,215","2,609",101,"2,105",403,"7,852",136,"5,924","1,792",248,8,135,105,"13,761",157,"13,604","91,648",449,"85,674","5,525","80,954",207,"77,539","3,208","2,610",101,"2,105",404,"7,833",133,"5,894","1,806",251,8,136,107,"13,741",157,"13,584","91,620",432,"85,652","5,536","80,990",196,"77,579","3,215","2,574",99,"2,074",401,"7,803",129,"5,860","1,814",253,8,139,106,"13,718",157,"13,561","91,684",433,"85,715","5,536","81,035",196,"77,623","3,216","2,582",99,"2,079",404,"7,806",131,"5,866","1,809",261,7,147,107,"13,731",157,"13,574","91,650",432,"85,681","5,537","81,028",197,"77,606","3,225","2,565",99,"2,065",401,"7,796",129,"5,865","1,802",261,7,145,109,"13,732",157,"13,575","91,698",434,"85,704","5,560","81,102",197,"77,645","3,260","2,552",100,"2,052",400,"7,781",130,"5,861","1,790",263,7,146,110,"13,764",157,"13,607","91,828",454,"85,772","5,602","81,196",200,"77,698","3,298","2,555",106,"2,047",402,"7,813",141,"5,879","1,793",264,7,148,109,"13,791",157,"13,634","91,941",459,"85,790","5,692","81,329",207,"77,745","3,377","2,544",105,"2,039",400,"7,804",140,"5,858","1,806",264,7,148,109,"13,802",159,"13,643","91,876",462,"85,690","5,724","81,342",210,"77,718","3,414","2,509",105,"2,003",401,"7,763",140,"5,821","1,802",262,7,148,107,"13,851",155,"13,696","91,853",456,"85,647","5,750","81,336",209,"77,691","3,436","2,491",106,"1,983",402,"7,760",134,"5,821","1,805",266,7,152,107,"13,909",145,"13,764","91,833",456,"85,630","5,747","81,329",210,"77,678","3,441","2,476",106,"1,968",402,"7,767",133,"5,836","1,798",261,7,148,106,"13,952",144,"13,808","91,683",456,"85,470","5,757","81,209",210,"77,555","3,444","2,469",106,"1,960",403,"7,745",133,"5,806","1,806",260,7,149,104,"13,990",141,"13,849","91,628",448,"85,427","5,753","81,190",205,"77,539","3,446","2,445",101,"1,942",402,"7,736",134,"5,800","1,802",257,8,146,103,"13,976",141,"13,835","91,453",448,"85,254","5,751","81,040",205,"77,391","3,444","2,435",101,"1,931",403,"7,718",134,"5,783","1,801",260,8,149,103,"13,900",141,"13,759","91,387",449,"85,200","5,738","80,998",205,"77,353","3,440","2,433",101,"1,932",400,"7,694",135,"5,765","1,794",262,8,150,104,"13,838",141,"13,697","91,209",448,"85,040","5,721","80,872",207,"77,229","3,436","2,428",100,"1,930",398,"7,648",134,"5,731","1,783",261,7,150,104,"13,812",141,"13,671","91,093",447,"84,953","5,693","80,797",206,"77,177","3,414","2,420",100,"1,923",397,"7,616",134,"5,704","1,778",260,7,149,104,"13,823",140,"13,683"
,마포구,"122,415",332,"114,311","7,772","106,415",92,"101,858","4,465","3,430",54,"2,706",670,"11,897",166,"9,531","2,200",673,20,216,437,"14,145",166,"13,979","122,477",333,"114,393","7,751","106,438",93,"101,904","4,441","3,411",54,"2,687",670,"11,944",166,"9,580","2,198",684,20,222,442,"14,131",168,"13,963","122,545",332,"114,458","7,755","106,510",92,"102,005","4,413","3,409",54,"2,676",679,"11,922",166,"9,557","2,199",704,20,220,464,"14,174",166,"14,008","122,664",334,"114,563","7,767","106,625",92,"102,092","4,441","3,412",56,"2,670",686,"11,914",166,"9,567","2,181",713,20,234,459,"14,235",167,"14,068","122,586",333,"114,481","7,772","106,556",92,"102,052","4,412","3,408",56,"2,671",681,"11,912",165,"9,526","2,221",710,20,232,458,"14,237",167,"14,070","122,447",333,"114,327","7,787","106,479",92,"101,964","4,423","3,394",56,"2,664",674,"11,854",165,"9,466","2,223",720,20,233,467,"14,369",167,"14,202","122,374",334,"114,286","7,754","106,447",92,"101,963","4,392","3,370",56,"2,646",668,"11,837",166,"9,445","2,226",720,20,232,468,"14,575",167,"14,408","122,376",336,"114,200","7,840","106,360",95,"101,885","4,380","3,366",56,"2,651",659,"11,873",165,"9,434","2,274",777,20,230,527,"14,692",166,"14,526","122,429",340,"114,302","7,787","106,447",95,"102,005","4,347","3,325",53,"2,637",635,"11,876",171,"9,427","2,278",781,21,233,527,"14,676",168,"14,508","122,309",343,"114,180","7,786","106,357",95,"101,937","4,325","3,324",55,"2,636",633,"11,823",172,"9,372","2,279",805,21,235,549,"14,740",165,"14,575","122,202",341,"114,147","7,714","106,295",95,"101,936","4,264","3,302",54,"2,623",625,"11,801",172,"9,353","2,276",804,20,235,549,"14,734",164,"14,570","121,931",341,"113,957","7,633","106,047",95,"101,740","4,212","3,290",54,"2,612",624,"11,791",172,"9,366","2,253",803,20,239,544,"14,761",162,"14,599","121,943",338,"114,010","7,595","106,084",93,"101,803","4,188","3,269",54,"2,595",620,"11,788",170,"9,374","2,244",802,21,238,543,"14,832",161,"14,671","121,954",345,"114,029","7,580","106,125",93,"101,846","4,186","3,255",54,"2,578",623,"11,772",177,"9,367","2,228",802,21,238,543,"14,919",161,"14,758","121,998",349,"114,053","7,596","106,202",94,"101,911","4,197","3,248",55,"2,556",637,"11,743",179,"9,344","2,220",805,21,242,542,"15,029",161,"14,868","121,933",350,"113,950","7,633","106,230",94,"101,896","4,240","3,223",55,"2,535",633,"11,678",180,"9,278","2,220",802,21,241,540,"15,069",161,"14,908","121,935",352,"113,942","7,641","106,271",94,"101,922","4,255","3,206",55,"2,516",635,"11,656",182,"9,262","2,212",802,21,242,539,"15,057",160,"14,897","121,760",348,"113,834","7,578","106,184",95,"101,855","4,234","3,187",55,"2,493",639,"11,591",177,"9,240","2,174",798,21,246,531,"15,033",161,"14,872","121,828",348,"113,883","7,597","106,247",96,"101,909","4,242","3,171",56,"2,468",647,"11,604",175,"9,254","2,175",806,21,252,533,"15,005",161,"14,844","121,662",342,"113,738","7,582","106,180",94,"101,820","4,266","3,158",56,"2,452",650,"11,553",171,"9,216","2,166",771,21,250,500,"14,984",163,"14,821","121,715",344,"113,774","7,597","106,263",95,"101,885","4,283","3,143",56,"2,435",652,"11,543",171,"9,200","2,172",766,22,254,490,"14,971",161,"14,810","121,558",346,"113,626","7,586","106,117",97,"101,747","4,273","3,139",56,"2,429",654,"11,534",171,"9,195","2,168",768,22,255,491,"14,845",159,"14,686","121,416",345,"113,551","7,520","105,991",97,"101,695","4,199","3,131",55,"2,426",650,"11,527",171,"9,174","2,182",767,22,256,489,"14,827",159,"14,668","121,233",346,"113,440","7,447","105,853",98,"101,631","4,124","3,116",55,"2,405",656,"11,495",171,"9,145","2,179",769,22,259,488,"14,818",159,"14,659","121,146",345,"113,323","7,478","105,792",97,"101,533","4,162","3,089",55,"2,386",648,"11,494",172,"9,138","2,184",771,21,266,484,"14,800",159,"14,641"
,양천구,"151,668",323,"142,700","8,645","132,323",121,"127,697","4,505","4,139",59,"3,324",756,"14,496",136,"11,415","2,945",710,7,264,439,"12,976",123,"12,853","151,670",327,"142,763","8,580","132,349",125,"127,794","4,430","4,139",59,"3,322",758,"14,481",136,"11,392","2,953",701,7,255,439,"12,987",123,"12,864","151,604",332,"142,710","8,562","132,350",126,"127,797","4,427","4,099",61,"3,281",757,"14,448",138,"11,370","2,940",707,7,262,438,"13,013",120,"12,893","151,562",335,"142,697","8,530","132,288",127,"127,768","4,393","4,102",61,"3,284",757,"14,466",140,"11,384","2,942",706,7,261,438,"13,039",121,"12,918","151,531",334,"142,667","8,530","132,294",127,"127,754","4,413","4,088",60,"3,274",754,"14,440",140,"11,369","2,931",709,7,270,432,"13,033",118,"12,915","151,577",335,"142,675","8,567","132,347",126,"127,766","4,455","4,086",61,"3,272",753,"14,429",141,"11,362","2,926",715,7,275,433,"13,015",118,"12,897","151,687",338,"142,776","8,573","132,494",127,"127,915","4,452","4,062",62,"3,245",755,"14,412",142,"11,339","2,931",719,7,277,435,"13,089",117,"12,972","151,604",337,"142,703","8,564","132,483",127,"127,918","4,438","4,041",62,"3,223",756,"14,363",141,"11,281","2,941",717,7,281,429,"13,061",117,"12,944","151,622",337,"142,740","8,545","132,570",127,"128,023","4,420","4,016",62,"3,201",753,"14,321",141,"11,239","2,941",715,7,277,431,"13,037",117,"12,920","151,409",335,"142,532","8,542","132,431",127,"127,890","4,414","3,998",60,"3,187",751,"14,266",141,"11,179","2,946",714,7,276,431,"12,990",117,"12,873","151,671",336,"142,804","8,531","132,713",128,"128,184","4,401","3,984",60,"3,169",755,"14,262",140,"11,176","2,946",712,8,275,429,"12,938",110,"12,828","151,890",338,"143,045","8,507","132,897",130,"128,393","4,374","3,996",60,"3,180",756,"14,283",140,"11,195","2,948",714,8,277,429,"12,934",109,"12,825","151,189",336,"142,366","8,487","132,344",129,"127,854","4,361","3,930",60,"3,114",756,"14,195",140,"11,116","2,939",720,7,282,431,"12,995",109,"12,886","150,749",338,"141,928","8,483","131,965",129,"127,483","4,353","3,934",60,"3,114",760,"14,133",142,"11,056","2,935",717,7,275,435,"12,979",108,"12,871","150,705",339,"141,890","8,476","131,916",129,"127,459","4,328","3,914",60,"3,092",762,"14,161",143,"11,066","2,952",714,7,273,434,"12,970",106,"12,864","150,532",341,"141,753","8,438","131,796",130,"127,359","4,307","3,900",60,"3,080",760,"14,128",144,"11,044","2,940",708,7,270,431,"12,996",105,"12,891","150,518",344,"141,715","8,459","131,852",131,"127,355","4,366","3,861",61,"3,066",734,"14,097",145,"11,022","2,930",708,7,272,429,"13,009",104,"12,905","150,498",346,"141,670","8,482","131,875",131,"127,351","4,393","3,827",61,"3,036",730,"14,087",147,"11,012","2,928",709,7,271,431,"13,057",104,"12,953","150,536",344,"141,688","8,504","131,931",130,"127,384","4,417","3,818",61,"3,024",733,"14,081",146,"11,011","2,924",706,7,269,430,"13,080",104,"12,976","150,440",341,"141,572","8,527","131,883",129,"127,320","4,434","3,791",61,"2,996",734,"14,056",144,"10,984","2,928",710,7,272,431,"13,093",103,"12,990","150,292",344,"141,430","8,518","131,847",129,"127,268","4,450","3,760",62,"2,964",734,"13,972",145,"10,926","2,901",713,8,272,433,"13,063",103,"12,960","150,231",346,"141,376","8,509","131,825",130,"127,244","4,451","3,759",64,"2,962",733,"13,936",144,"10,899","2,893",711,8,271,432,"13,087",103,"12,984","150,445",346,"141,359","8,740","132,071",130,"127,266","4,675","3,748",64,"2,950",734,"13,918",144,"10,875","2,899",708,8,268,432,"13,042",103,"12,939","150,252",345,"141,116","8,791","131,941",129,"127,085","4,727","3,709",64,"2,911",734,"13,894",144,"10,849","2,901",708,8,271,429,"13,064",104,"12,960","150,117",349,"140,913","8,855","131,866",131,"126,938","4,797","3,705",65,"2,906",734,"13,834",145,"10,798","2,891",712,8,271,433,"13,079",104,"12,975"
,강서구,"206,104",355,"188,990","16,759","177,938",130,"166,914","10,894","6,009",45,"4,605","1,359","21,497",164,"17,096","4,237",660,16,375,269,"18,408",160,"18,248","206,008",355,"189,004","16,649","177,928",131,"167,015","10,782","5,992",44,"4,589","1,359","21,435",164,"17,024","4,247",653,16,376,261,"18,391",160,"18,231","205,650",359,"188,763","16,528","177,734",134,"166,934","10,666","5,934",43,"4,536","1,355","21,314",166,"16,908","4,240",668,16,385,267,"18,416",158,"18,258","206,090",355,"189,337","16,398","178,279",133,"167,621","10,525","5,898",43,"4,501","1,354","21,238",163,"16,827","4,248",675,16,388,271,"18,439",158,"18,281","205,940",357,"189,142","16,441","178,235",135,"167,528","10,572","5,900",43,"4,503","1,354","21,125",163,"16,716","4,246",680,16,395,269,"18,442",158,"18,284","205,425",360,"188,645","16,420","177,805",137,"167,168","10,500","5,884",44,"4,479","1,361","21,052",163,"16,601","4,288",684,16,397,271,"18,529",158,"18,371","205,174",358,"188,466","16,350","177,654",135,"167,147","10,372","5,841",45,"4,438","1,358","21,002",162,"16,490","4,350",677,16,391,270,"18,597",158,"18,439","205,158",358,"188,501","16,299","177,710",134,"167,262","10,314","5,794",46,"4,389","1,359","20,976",161,"16,451","4,364",678,17,399,262,"18,620",158,"18,462","205,573",359,"189,066","16,148","178,174",134,"167,859","10,181","5,755",44,"4,362","1,349","20,968",163,"16,446","4,359",676,18,399,259,"18,613",156,"18,457","205,821",364,"189,416","16,041","178,414",134,"168,214","10,066","5,720",44,"4,339","1,337","21,013",168,"16,467","4,378",674,18,396,260,"18,545",156,"18,389","205,529",367,"189,321","15,841","178,148",135,"168,140","9,873","5,714",44,"4,338","1,332","20,983",170,"16,444","4,369",684,18,399,267,"18,496",156,"18,340","204,788",362,"188,689","15,737","177,416",135,"167,515","9,766","5,703",43,"4,326","1,334","20,988",168,"16,443","4,377",681,16,405,260,"18,526",155,"18,371","204,600",361,"188,619","15,620","177,328",135,"167,537","9,656","5,675",43,"4,300","1,332","20,898",167,"16,369","4,362",699,16,413,270,"18,515",155,"18,360","204,367",363,"188,608","15,396","177,161",135,"167,543","9,483","5,655",43,"4,289","1,323","20,854",169,"16,357","4,328",697,16,419,262,"18,576",155,"18,421","204,369",359,"188,839","15,171","177,184",133,"167,760","9,291","5,640",43,"4,274","1,323","20,849",167,"16,384","4,298",696,16,421,259,"18,661",155,"18,506","204,475",362,"188,982","15,131","177,341",136,"167,917","9,288","5,615",43,"4,261","1,311","20,825",167,"16,383","4,275",694,16,421,257,"18,708",155,"18,553","204,019",362,"188,529","15,128","177,030",135,"167,613","9,282","5,544",44,"4,190","1,310","20,739",167,"16,296","4,276",706,16,430,260,"18,771",157,"18,614","203,381",364,"187,971","15,046","176,505",136,"167,155","9,214","5,531",45,"4,178","1,308","20,644",167,"16,212","4,265",701,16,426,259,"18,826",157,"18,669","203,185",365,"187,808","15,012","176,442",137,"167,135","9,170","5,495",45,"4,139","1,311","20,542",167,"16,103","4,272",706,16,431,259,"18,892",157,"18,735","203,598",362,"188,194","15,042","176,921",138,"167,574","9,209","5,475",46,"4,111","1,318","20,481",162,"16,073","4,246",721,16,436,269,"18,864",156,"18,708","203,528",363,"188,778","14,387","176,941",138,"168,254","8,549","5,442",46,"4,079","1,317","20,434",162,"16,010","4,262",711,17,435,259,"18,824",156,"18,668","203,720",362,"188,960","14,398","177,130",138,"168,464","8,528","5,444",45,"4,070","1,329","20,427",162,"15,987","4,278",719,17,439,263,"18,804",155,"18,649","203,050",362,"188,335","14,353","176,491",138,"167,862","8,491","5,459",45,"4,093","1,321","20,379",162,"15,939","4,278",721,17,441,263,"18,970",155,"18,815","202,214",362,"187,546","14,306","175,704",137,"167,122","8,445","5,423",45,"4,060","1,318","20,359",163,"15,920","4,276",728,17,444,267,"18,956",155,"18,801","202,553",364,"187,495","14,694","176,167",138,"167,182","8,847","5,348",45,"3,994","1,309","20,304",164,"15,866","4,274",734,17,453,264,"18,902",156,"18,746"
,구로구,"148,719",300,"134,232","14,187","126,122",101,"115,314","10,707","5,073",63,"4,443",567,"17,057",129,"14,179","2,749",467,7,296,164,"14,959",194,"14,765","148,429",301,"134,387","13,741","125,920",102,"115,538","10,280","5,024",62,"4,403",559,"17,011",130,"14,145","2,736",474,7,301,166,"14,909",194,"14,715","148,384",302,"134,430","13,652","125,873",102,"115,573","10,198","5,012",62,"4,397",553,"17,023",131,"14,154","2,738",476,7,306,163,"14,944",187,"14,757","148,653",306,"134,681","13,666","126,159",106,"115,830","10,223","5,001",62,"4,390",549,"17,015",131,"14,152","2,732",478,7,309,162,"14,989",187,"14,802","148,670",309,"134,743","13,618","126,183",108,"115,887","10,188","4,997",62,"4,385",550,"17,012",132,"14,164","2,716",478,7,307,164,"15,021",190,"14,831","148,325",306,"134,576","13,443","125,919",107,"115,790","10,022","4,965",62,"4,356",547,"16,962",130,"14,119","2,713",479,7,311,161,"15,042",190,"14,852","148,342",304,"134,586","13,452","125,966",106,"115,835","10,025","4,956",62,"4,348",546,"16,935",130,"14,088","2,717",485,6,315,164,"15,046",190,"14,856","148,248",302,"134,548","13,398","125,923",107,"115,828","9,988","4,906",61,"4,310",535,"16,937",128,"14,095","2,714",482,6,315,161,"14,991",190,"14,801","148,048",305,"134,379","13,364","125,844",107,"115,780","9,957","4,870",63,"4,274",533,"16,854",128,"14,010","2,716",480,7,315,158,"14,981",189,"14,792","147,818",306,"134,195","13,317","125,670",107,"115,645","9,918","4,849",63,"4,256",530,"16,816",129,"13,977","2,710",483,7,317,159,"14,958",189,"14,769","147,781",305,"134,199","13,277","125,679",107,"115,687","9,885","4,829",62,"4,234",533,"16,784",129,"13,959","2,696",489,7,319,163,"14,942",188,"14,754","147,617",305,"134,067","13,245","125,546",107,"115,571","9,868","4,807",62,"4,213",532,"16,774",129,"13,963","2,682",490,7,320,163,"14,892",188,"14,704","147,678",304,"134,001","13,373","125,713",106,"115,590","10,017","4,754",62,"4,154",538,"16,718",129,"13,933","2,656",493,7,324,162,"14,909",188,"14,721","147,608",302,"133,910","13,396","125,668",106,"115,570","9,992","4,756",62,"4,110",584,"16,687",127,"13,905","2,655",497,7,325,165,"14,923",188,"14,735","147,367",303,"133,829","13,235","125,487",107,"115,550","9,830","4,723",62,"4,076",585,"16,655",127,"13,875","2,653",502,7,328,167,"14,930",188,"14,742","147,189",303,"133,784","13,102","125,356",107,"115,548","9,701","4,690",62,"4,043",585,"16,638",127,"13,862","2,649",505,7,331,167,"14,919",188,"14,731","146,958",304,"133,636","13,018","125,236",108,"115,501","9,627","4,620",62,"3,972",586,"16,592",127,"13,825","2,640",510,7,338,165,"14,901",190,"14,711","146,792",305,"133,574","12,913","125,101",108,"115,461","9,532","4,581",62,"3,941",578,"16,597",128,"13,832","2,637",513,7,340,166,"14,924",190,"14,734","146,763",307,"133,614","12,842","125,151",109,"115,569","9,473","4,554",62,"3,917",575,"16,547",129,"13,788","2,630",511,7,340,164,"14,974",190,"14,784","146,584",309,"133,537","12,738","125,040",110,"115,537","9,393","4,533",62,"3,904",567,"16,505",130,"13,762","2,613",506,7,334,165,"14,985",190,"14,795","146,418",308,"133,369","12,741","124,961",110,"115,474","9,377","4,512",61,"3,860",591,"16,442",130,"13,704","2,608",503,7,331,165,"14,982",190,"14,792","145,790",303,"132,996","12,491","124,452",110,"115,193","9,149","4,449",61,"3,822",566,"16,382",125,"13,651","2,606",507,7,330,170,"14,969",190,"14,779","145,544",305,"132,801","12,438","124,263",111,"115,048","9,104","4,427",62,"3,799",566,"16,351",125,"13,627","2,599",503,7,327,169,"14,935",190,"14,745","145,248",305,"132,539","12,404","124,063",111,"114,867","9,085","4,384",61,"3,759",564,"16,303",126,"13,591","2,586",498,7,322,169,"14,911",190,"14,721","145,109",305,"132,435","12,369","123,984",112,"114,810","9,062","4,350",60,"3,724",566,"16,279",126,"13,581","2,572",496,7,320,169,"14,887",190,"14,697"
,금천구,"92,223",167,"85,629","6,427","75,189",53,"71,586","3,550","3,428",29,"2,934",465,"13,325",75,"10,949","2,301",281,10,160,111,"12,706",34,"12,672","92,291",167,"85,697","6,427","75,257",53,"71,663","3,541","3,406",29,"2,913",464,"13,349",75,"10,962","2,312",279,10,159,110,"12,804",34,"12,770","92,322",169,"85,741","6,412","75,277",55,"71,702","3,520","3,391",29,"2,898",464,"13,370",75,"10,976","2,319",284,10,165,109,"12,969",35,"12,934","92,397",170,"85,827","6,400","75,333",56,"71,777","3,500","3,390",29,"2,896",465,"13,387",75,"10,986","2,326",287,10,168,109,"13,263",38,"13,225","92,430",172,"85,856","6,402","75,419",57,"71,824","3,538","3,379",29,"2,885",465,"13,345",76,"10,976","2,293",287,10,171,106,"13,403",41,"13,362","92,362",173,"85,766","6,423","75,408",57,"71,808","3,543","3,352",29,"2,861",462,"13,312",77,"10,920","2,315",290,10,177,103,"13,685",40,"13,645","92,349",177,"85,725","6,447","75,415",57,"71,797","3,561","3,344",31,"2,851",462,"13,300",78,"10,900","2,322",290,11,177,102,"13,829",42,"13,787","92,286",176,"85,660","6,450","75,363",56,"71,757","3,550","3,320",31,"2,825",464,"13,309",78,"10,899","2,332",294,11,179,104,"13,986",42,"13,944","92,236",178,"85,636","6,422","75,366",56,"71,779","3,531","3,296",31,"2,801",464,"13,278",79,"10,875","2,324",296,12,181,103,"13,965",41,"13,924","92,139",172,"85,570","6,397","75,317",55,"71,744","3,518","3,279",31,"2,793",455,"13,247",74,"10,852","2,321",296,12,181,103,"13,881",41,"13,840","92,059",172,"85,532","6,355","75,264",55,"71,729","3,480","3,255",31,"2,774",450,"13,244",74,"10,848","2,322",296,12,181,103,"13,717",39,"13,678","92,017",173,"85,506","6,338","75,236",58,"71,702","3,476","3,239",31,"2,758",450,"13,243",72,"10,861","2,310",299,12,185,102,"13,695",39,"13,656","91,975",174,"85,499","6,302","75,298",58,"71,800","3,440","3,192",32,"2,709",451,"13,189",72,"10,805","2,312",296,12,185,99,"13,683",42,"13,641","91,917",174,"85,461","6,282","75,254",58,"71,782","3,414","3,181",32,"2,698",451,"13,187",72,"10,798","2,317",295,12,183,100,"13,820",45,"13,775","91,860",174,"85,411","6,275","75,233",58,"71,786","3,389","3,156",32,"2,672",452,"13,174",72,"10,767","2,335",297,12,186,99,"13,752",43,"13,709","91,772",173,"85,339","6,260","75,152",57,"71,715","3,380","3,155",32,"2,671",452,"13,166",72,"10,764","2,330",299,12,189,98,"13,767",42,"13,725","91,812",177,"85,388","6,247","75,249",60,"71,801","3,388","3,130",32,"2,646",452,"13,136",73,"10,755","2,308",297,12,186,99,"13,771",40,"13,731","91,779",178,"85,367","6,234","75,256",60,"71,811","3,385","3,102",32,"2,619",451,"13,120",74,"10,747","2,299",301,12,190,99,"13,883",39,"13,844","91,710",179,"85,346","6,185","75,212",60,"71,817","3,335","3,063",33,"2,580",450,"13,129",74,"10,754","2,301",306,12,195,99,"14,023",39,"13,984","91,583",178,"85,248","6,157","75,166",59,"71,795","3,312","3,037",33,"2,555",449,"13,074",74,"10,703","2,297",306,12,195,99,"14,137",38,"14,099","91,468",177,"85,130","6,161","75,103",58,"71,722","3,323","3,018",34,"2,535",449,"13,038",73,"10,676","2,289",309,12,197,100,"14,116",35,"14,081","91,402",174,"85,089","6,139","75,081",56,"71,715","3,310","2,991",33,"2,512",446,"13,018",73,"10,659","2,286",312,12,203,97,"14,121",36,"14,085","91,190",175,"85,122","5,893","74,882",57,"71,759","3,066","2,992",33,"2,514",445,"12,998",73,"10,644","2,281",318,12,205,101,"14,159",37,"14,122","90,653",177,"84,899","5,577","74,435",59,"71,628","2,748","2,958",33,"2,484",441,"12,942",73,"10,582","2,287",318,12,205,101,"14,132",35,"14,097","90,451",178,"84,728","5,545","74,291",58,"71,509","2,724","2,926",33,"2,456",437,"12,918",75,"10,560","2,283",316,12,203,101,"14,031",33,"13,998"
,영등포구,"144,662",362,"136,050","8,250","121,019",124,"117,820","3,075","4,200",56,"3,981",163,"18,364",168,"13,813","4,383","1,079",14,436,629,"14,849",176,"14,673","144,538",363,"135,951","8,224","120,932",125,"117,759","3,048","4,202",56,"3,976",170,"18,328",168,"13,777","4,383","1,076",14,439,623,"14,825",176,"14,649","144,626",372,"136,030","8,224","121,050",126,"117,895","3,029","4,174",58,"3,946",170,"18,320",174,"13,743","4,403","1,082",14,446,622,"14,819",172,"14,647","144,765",372,"136,166","8,227","121,204",130,"118,040","3,034","4,152",58,"3,924",170,"18,329",170,"13,761","4,398","1,080",14,441,625,"14,627",183,"14,444","144,824",373,"136,280","8,171","121,341",132,"118,240","2,969","4,131",58,"3,903",170,"18,272",169,"13,695","4,408","1,080",14,442,624,"14,607",185,"14,422","144,521",372,"135,970","8,179","121,093",131,"118,004","2,958","4,101",58,"3,871",172,"18,235",169,"13,651","4,415","1,092",14,444,634,"14,532",192,"14,340","144,627",372,"136,095","8,160","121,236",130,"118,155","2,951","4,100",59,"3,869",172,"18,195",169,"13,625","4,401","1,096",14,446,636,"14,502",195,"14,307","144,595",371,"136,066","8,158","121,237",130,"118,159","2,948","4,097",59,"3,865",173,"18,152",168,"13,583","4,401","1,109",14,459,636,"14,369",205,"14,164","144,717",363,"136,160","8,194","121,411",125,"118,310","2,976","4,082",59,"3,851",172,"18,133",165,"13,551","4,417","1,091",14,448,629,"14,256",213,"14,043","144,663",364,"136,127","8,172","121,389",125,"118,319","2,945","4,080",59,"3,848",173,"18,100",166,"13,512","4,422","1,094",14,448,632,"14,187",220,"13,967","144,778",363,"136,235","8,180","121,569",125,"118,489","2,955","4,052",58,"3,821",173,"18,065",166,"13,475","4,424","1,092",14,450,628,"14,222",222,"14,000","144,728",364,"136,197","8,167","121,510",126,"118,454","2,930","4,037",58,"3,802",177,"18,082",166,"13,481","4,435","1,099",14,460,625,"14,174",223,"13,951","144,665",365,"136,121","8,179","121,531",126,"118,455","2,950","4,030",58,"3,793",179,"17,999",167,"13,407","4,425","1,105",14,466,625,"14,155",223,"13,932","144,720",369,"136,187","8,164","121,607",129,"118,551","2,927","3,995",58,"3,758",179,"18,002",168,"13,409","4,425","1,116",14,469,633,"14,168",223,"13,945","144,702",371,"136,142","8,189","121,684",130,"118,614","2,940","3,950",58,"3,714",178,"17,946",168,"13,344","4,434","1,122",15,470,637,"14,192",222,"13,970","144,814",370,"136,257","8,187","121,825",128,"118,767","2,930","3,934",59,"3,696",179,"17,921",168,"13,319","4,434","1,134",15,475,644,"14,210",212,"13,998","144,647",372,"136,099","8,176","121,774",128,"118,726","2,920","3,891",62,"3,652",177,"17,849",167,"13,240","4,442","1,133",15,481,637,"14,259",207,"14,052","144,302",372,"135,721","8,209","121,464",128,"118,418","2,918","3,862",61,"3,621",180,"17,846",168,"13,208","4,470","1,130",15,474,641,"14,304",204,"14,100","144,302",374,"135,745","8,183","121,608",127,"118,575","2,906","3,842",62,"3,598",182,"17,724",170,"13,094","4,460","1,128",15,478,635,"14,329",204,"14,125","144,179",374,"135,608","8,197","121,589",127,"118,556","2,906","3,807",62,"3,565",180,"17,661",170,"13,017","4,474","1,122",15,470,637,"14,351",197,"14,154","144,190",375,"135,602","8,213","121,662",127,"118,610","2,925","3,788",62,"3,544",182,"17,608",171,"12,969","4,468","1,132",15,479,638,"14,285",189,"14,096","143,967",377,"135,338","8,252","121,491",125,"118,437","2,929","3,762",63,"3,512",187,"17,577",174,"12,905","4,498","1,137",15,484,638,"14,205",181,"14,024","143,675",377,"135,149","8,149","121,321",125,"118,294","2,902","3,733",63,"3,486",184,"17,503",174,"12,883","4,446","1,118",15,486,617,"14,148",179,"13,969","143,579",383,"135,082","8,114","121,222",127,"118,217","2,878","3,732",64,"3,485",183,"17,513",176,"12,892","4,445","1,112",16,488,608,"14,109",176,"13,933","143,538",384,"135,057","8,097","121,293",129,"118,293","2,871","3,709",64,"3,462",183,"17,413",175,"12,802","4,436","1,123",16,500,607,"14,126",175,"13,951"
,동작구,"106,150",300,"103,147","2,703","95,167",106,"93,889","1,172","2,639",50,"2,454",135,"7,992",128,"6,681","1,183",352,16,123,213,"13,782",140,"13,642","106,390",301,"103,387","2,702","95,452",107,"94,169","1,176","2,623",50,"2,438",135,"7,970",128,"6,658","1,184",345,16,122,207,"13,807",140,"13,667","106,573",297,"103,577","2,699","95,671",105,"94,394","1,172","2,614",49,"2,429",136,"7,937",127,"6,628","1,182",351,16,126,209,"13,812",139,"13,673","106,665",300,"103,667","2,698","95,795",109,"94,521","1,165","2,591",49,"2,408",134,"7,918",126,"6,609","1,183",361,16,129,216,"13,769",137,"13,632","106,762",298,"103,777","2,687","95,934",114,"94,659","1,161","2,561",45,"2,382",134,"7,911",123,"6,605","1,183",356,16,131,209,"13,801",137,"13,664","106,758",296,"103,791","2,671","95,960",112,"94,694","1,154","2,541",45,"2,365",131,"7,901",123,"6,597","1,181",356,16,135,205,"13,777",137,"13,640","106,741",298,"103,778","2,665","95,997",113,"94,731","1,153","2,526",45,"2,350",131,"7,867",124,"6,562","1,181",351,16,135,200,"13,841",138,"13,703","106,613",300,"103,651","2,662","95,878",113,"94,615","1,150","2,522",46,"2,344",132,"7,872",125,"6,560","1,187",341,16,132,193,"13,851",138,"13,713","106,596",303,"103,633","2,660","95,892",114,"94,630","1,148","2,499",47,"2,320",132,"7,864",126,"6,548","1,190",341,16,135,190,"13,857",136,"13,721","106,496",295,"103,537","2,664","95,838",110,"94,584","1,144","2,488",47,"2,308",133,"7,829",122,"6,509","1,198",341,16,136,189,"13,789",136,"13,653","106,517",297,"103,510","2,710","95,830",111,"94,545","1,174","2,493",47,"2,311",135,"7,843",122,"6,515","1,206",351,17,139,195,"13,800",136,"13,664","106,363",296,"103,392","2,675","95,672",111,"94,422","1,139","2,484",47,"2,305",132,"7,857",122,"6,527","1,208",350,16,138,196,"13,789",136,"13,653","106,362",296,"103,415","2,651","95,737",111,"94,504","1,122","2,446",47,"2,268",131,"7,835",122,"6,507","1,206",344,16,136,192,"13,813",136,"13,677","106,424",297,"103,492","2,635","95,835",111,"94,610","1,114","2,427",47,"2,248",132,"7,820",122,"6,498","1,200",342,17,136,189,"13,797",136,"13,661","106,537",298,"103,628","2,611","95,930",111,"94,712","1,107","2,414",46,"2,237",131,"7,858",124,"6,545","1,189",335,17,134,184,"13,785",135,"13,650","106,576",300,"103,686","2,590","96,005",112,"94,797","1,096","2,414",46,"2,236",132,"7,825",125,"6,516","1,184",332,17,137,178,"13,761",135,"13,626","106,531",310,"103,667","2,554","96,024",114,"94,843","1,067","2,382",44,"2,208",130,"7,799",135,"6,481","1,183",326,17,135,174,"13,800",151,"13,649","106,390",311,"103,457","2,622","95,920",115,"94,686","1,119","2,364",45,"2,189",130,"7,783",135,"6,452","1,196",323,16,130,177,"13,767",151,"13,616","106,438",313,"103,526","2,599","96,015",117,"94,781","1,117","2,350",45,"2,176",129,"7,748",135,"6,437","1,176",325,16,132,177,"13,816",151,"13,665","106,416",314,"103,509","2,593","96,035",118,"94,799","1,118","2,330",45,"2,156",129,"7,730",135,"6,423","1,172",321,16,131,174,"13,795",151,"13,644","106,360",312,"103,467","2,581","96,035",117,"94,807","1,111","2,310",44,"2,138",128,"7,686",135,"6,386","1,165",329,16,136,177,"13,811",151,"13,660","106,189",311,"103,309","2,569","95,897",117,"94,670","1,110","2,297",44,"2,125",128,"7,672",134,"6,380","1,158",323,16,134,173,"13,767",151,"13,616","106,069",312,"103,183","2,574","95,805",116,"94,580","1,109","2,282",44,"2,110",128,"7,657",135,"6,360","1,162",325,17,133,175,"13,741",151,"13,590","105,984",311,"103,070","2,603","95,774",116,"94,501","1,157","2,262",43,"2,091",128,"7,632",135,"6,345","1,152",316,17,133,166,"13,684",151,"13,533","105,950",313,"102,959","2,678","95,771",117,"94,421","1,233","2,244",43,"2,073",128,"7,614",136,"6,329","1,149",321,17,136,168,"13,702",151,"13,551"
,관악구,"118,886",295,"112,793","5,798","103,170",91,"99,914","3,165","3,676",46,"3,288",342,"11,692",147,"9,430","2,115",348,11,161,176,"21,787",202,"21,585","118,824",294,"112,791","5,739","103,083",91,"99,899","3,093","3,673",46,"3,285",342,"11,719",146,"9,443","2,130",349,11,164,174,"21,791",202,"21,589","118,810",294,"112,755","5,761","103,098",91,"99,907","3,100","3,666",46,"3,278",342,"11,696",146,"9,403","2,147",350,11,167,172,"21,846",200,"21,646","118,845",296,"112,793","5,756","103,119",93,"99,946","3,080","3,637",46,"3,249",342,"11,730",146,"9,424","2,160",359,11,174,174,"21,820",198,"21,622","118,967",297,"112,879","5,791","103,218",94,"100,042","3,082","3,631",46,"3,243",342,"11,754",146,"9,414","2,194",364,11,180,173,"21,808",198,"21,610","118,750",297,"112,634","5,819","103,062",94,"99,874","3,094","3,604",46,"3,214",344,"11,719",146,"9,368","2,205",365,11,178,176,"21,831",198,"21,633","118,721",299,"112,593","5,829","103,071",94,"99,872","3,105","3,592",47,"3,200",345,"11,693",146,"9,342","2,205",365,12,179,174,"21,925",198,"21,727","118,628",299,"112,498","5,831","103,038",93,"99,836","3,109","3,547",47,"3,155",345,"11,669",146,"9,326","2,197",374,13,181,180,"21,937",198,"21,739","118,495",295,"112,371","5,829","102,954",92,"99,764","3,098","3,528",46,"3,137",345,"11,636",145,"9,287","2,204",377,12,183,182,"21,845",198,"21,647","118,303",295,"112,171","5,837","102,778",92,"99,596","3,090","3,522",47,"3,129",346,"11,632",144,"9,264","2,224",371,12,182,177,"21,786",198,"21,588","118,278",295,"112,152","5,831","102,805",91,"99,635","3,079","3,516",47,"3,122",347,"11,581",145,"9,211","2,225",376,12,184,180,"21,744",198,"21,546","118,099",293,"111,983","5,823","102,658",91,"99,507","3,060","3,501",46,"3,109",346,"11,564",144,"9,185","2,235",376,12,182,182,"21,746",198,"21,548","117,936",290,"111,846","5,800","102,582",89,"99,440","3,053","3,475",46,"3,083",346,"11,503",143,"9,139","2,221",376,12,184,180,"21,805",198,"21,607","117,862",290,"111,790","5,782","102,561",90,"99,437","3,034","3,452",45,"3,060",347,"11,479",143,"9,112","2,224",370,12,181,177,"21,846",198,"21,648","117,868",290,"111,799","5,779","102,605",90,"99,475","3,040","3,440",45,"3,049",346,"11,452",143,"9,093","2,216",371,12,182,177,"21,852",198,"21,654","117,778",290,"111,705","5,783","102,540",90,"99,428","3,022","3,412",45,"3,021",346,"11,457",143,"9,075","2,239",369,12,181,176,"21,893",198,"21,695","117,606",289,"111,544","5,773","102,439",89,"99,321","3,029","3,383",45,"2,993",345,"11,413",143,"9,047","2,223",371,12,183,176,"21,884",195,"21,689","117,460",284,"111,401","5,775","102,306",89,"99,193","3,024","3,368",45,"2,978",345,"11,418",139,"9,047","2,232",368,11,183,174,"21,966",195,"21,771","117,363",283,"111,309","5,771","102,260",89,"99,155","3,016","3,342",45,"2,952",345,"11,391",138,"9,018","2,235",370,11,184,175,"22,023",195,"21,828","117,015",285,"110,988","5,742","101,970",90,"98,886","2,994","3,316",45,"2,926",345,"11,356",139,"8,990","2,227",373,11,186,176,"22,047",195,"21,852","116,881",285,"110,793","5,803","101,867",90,"98,752","3,025","3,298",46,"2,906",346,"11,341",138,"8,948","2,255",375,11,187,177,"22,009",194,"21,815","116,745",290,"110,651","5,804","101,763",90,"98,650","3,023","3,283",45,"2,891",347,"11,323",144,"8,924","2,255",376,11,186,179,"21,948",194,"21,754","116,745",289,"110,672","5,784","101,776",90,"98,665","3,021","3,277",44,"2,886",347,"11,313",144,"8,932","2,237",379,11,189,179,"21,953",194,"21,759","116,612",288,"110,536","5,788","101,717",89,"98,611","3,017","3,255",44,"2,863",348,"11,255",144,"8,867","2,244",385,11,195,179,"21,906",192,"21,714","116,484",288,"110,408","5,788","101,637",89,"98,521","3,027","3,239",44,"2,848",347,"11,224",144,"8,840","2,240",384,11,199,174,"21,952",190,"21,762"
,서초구,"176,137",476,"165,221","10,440","156,175",179,"151,151","4,845","3,944",114,"3,117",713,"15,590",172,"10,696","4,722",428,11,257,160,"11,602",262,"11,340","175,983",510,"165,089","10,384","156,021",185,"151,051","4,785","3,939",130,"3,099",710,"15,587",179,"10,680","4,728",436,16,259,161,"11,596",262,"11,334","176,265",510,"165,414","10,341","156,295",185,"151,360","4,750","3,900",131,"3,078",691,"15,632",179,"10,715","4,738",438,15,261,162,"11,637",259,"11,378","176,673",527,"165,831","10,315","156,744",199,"151,818","4,727","3,891",132,"3,069",690,"15,601",180,"10,684","4,737",437,16,260,161,"11,630",258,"11,372","176,189",518,"165,928","9,743","156,222",188,"151,910","4,124","3,884",133,"3,059",692,"15,642",181,"10,695","4,766",441,16,264,161,"11,635",256,"11,379","176,237",515,"165,962","9,760","156,230",187,"151,948","4,095","3,839",132,"3,019",688,"15,717",180,"10,727","4,810",451,16,268,167,"11,657",256,"11,401","177,073",519,"166,777","9,777","157,024",187,"152,741","4,096","3,821",132,"3,005",684,"15,773",183,"10,758","4,832",455,17,273,165,"11,680",257,"11,423","176,941",513,"166,710","9,718","156,908",184,"152,688","4,036","3,775",132,"2,988",655,"15,804",181,"10,762","4,861",454,16,272,166,"11,687",259,"11,428","177,071",511,"166,843","9,717","157,031",179,"152,815","4,037","3,766",133,"2,986",647,"15,816",182,"10,767","4,867",458,17,275,166,"11,633",257,"11,376","177,103",513,"166,929","9,661","157,061",178,"152,891","3,992","3,792",135,"3,013",644,"15,788",182,"10,748","4,858",462,18,277,167,"11,622",257,"11,365","176,888",511,"166,656","9,721","156,819",178,"152,590","4,051","3,804",134,"3,008",662,"15,803",181,"10,781","4,841",462,18,277,167,"11,872",258,"11,614","176,725",502,"166,622","9,601","156,700",173,"152,578","3,949","3,785",130,"2,992",663,"15,782",181,"10,779","4,822",458,18,273,167,"11,895",257,"11,638","176,628",500,"166,507","9,621","156,686",172,"152,542","3,972","3,768",129,"2,974",665,"15,715",181,"10,718","4,816",459,18,273,168,"11,910",257,"11,653","176,587",504,"166,527","9,556","156,651",172,"152,561","3,918","3,763",129,"2,968",666,"15,714",187,"10,724","4,803",459,16,274,169,"12,001",257,"11,744","176,517",533,"166,465","9,519","156,609",206,"152,523","3,880","3,748",129,"2,948",671,"15,685",182,"10,715","4,788",475,16,279,180,"12,072",257,"11,815","176,788",506,"166,764","9,518","156,951",178,"152,864","3,909","3,727",130,"2,947",650,"15,620",182,"10,675","4,763",490,16,278,196,"12,130",257,"11,873","176,853",523,"166,878","9,452","157,071",186,"153,036","3,849","3,722",137,"2,938",647,"15,573",184,"10,638","4,751",487,16,266,205,"12,265",257,"12,008","176,908",509,"167,011","9,388","157,165",176,"153,184","3,805","3,720",134,"2,940",646,"15,528",183,"10,618","4,727",495,16,269,210,"12,385",252,"12,133","177,256",508,"167,333","9,415","157,494",177,"153,500","3,817","3,709",131,"2,930",648,"15,543",184,"10,629","4,730",510,16,274,220,"12,563",251,"12,312","177,342",504,"167,506","9,332","157,611",176,"153,700","3,735","3,719",128,"2,934",657,"15,517",184,"10,599","4,734",495,16,273,206,"12,709",252,"12,457","177,431",515,"167,579","9,337","157,775",182,"153,856","3,737","3,719",134,"2,927",658,"15,438",183,"10,524","4,731",499,16,272,211,"12,826",252,"12,574","177,348",509,"167,574","9,265","157,818",178,"153,948","3,692","3,698",133,"2,914",651,"15,337",182,"10,438","4,717",495,16,274,205,"12,849",254,"12,595","176,869",502,"167,140","9,227","157,419",172,"153,574","3,673","3,700",131,"2,919",650,"15,257",183,"10,376","4,698",493,16,271,206,"12,821",252,"12,569","176,598",504,"166,964","9,130","157,240",174,"153,466","3,600","3,664",131,"2,887",646,"15,202",183,"10,342","4,677",492,16,269,207,"12,876",251,"12,625","176,461",501,"166,938","9,022","157,073",173,"153,392","3,508","3,635",130,"2,857",648,"15,260",182,"10,419","4,659",493,16,270,207,"13,016",255,"12,761"
,강남구,"250,445",404,"227,399","22,642","228,981",155,"209,267","19,559","4,704",54,"4,084",566,"16,257",177,"13,709","2,371",503,18,339,146,"17,054",321,"16,733","251,046",402,"228,224","22,420","229,619",152,"210,122","19,345","4,687",54,"4,067",566,"16,229",178,"13,689","2,362",511,18,346,147,"17,252",323,"16,929","251,123",402,"228,476","22,245","229,694",152,"210,387","19,155","4,685",54,"4,065",566,"16,231",178,"13,678","2,375",513,18,346,149,"17,296",303,"16,993","251,915",411,"228,876","22,628","230,264",159,"210,777","19,328","4,685",56,"4,064",565,"16,462",178,"13,697","2,587",504,18,338,148,"17,103",304,"16,799","252,157",415,"229,284","22,458","230,604",162,"211,275","19,167","4,659",56,"4,042",561,"16,383",179,"13,623","2,581",511,18,344,149,"17,194",305,"16,889","252,440",418,"229,735","22,287","230,911",164,"211,741","19,006","4,651",56,"4,043",552,"16,358",180,"13,601","2,577",520,18,350,152,"15,572",298,"15,274","252,538",412,"230,091","22,035","230,968",158,"211,949","18,861","4,633",57,"4,020",556,"16,420",179,"13,776","2,465",517,18,346,153,"15,559",298,"15,261","252,792",412,"230,310","22,070","231,395",159,"212,274","18,962","4,636",56,"4,030",550,"16,241",179,"13,665","2,397",520,18,341,161,"15,674",298,"15,376","252,435",419,"230,420","21,596","231,063",161,"212,390","18,512","4,629",57,"4,026",546,"16,211",181,"13,655","2,375",532,20,349,163,"15,611",296,"15,315","253,856",412,"232,181","21,263","232,480",156,"214,156","18,168","4,601",57,"3,998",546,"16,243",180,"13,678","2,385",532,19,349,164,"15,690",299,"15,391","254,803",409,"233,353","21,041","233,362",154,"215,268","17,940","4,624",57,"4,024",543,"16,281",179,"13,704","2,398",536,19,357,160,"15,502",298,"15,204","256,189",408,"235,233","20,548","234,744",154,"217,167","17,423","4,611",57,"4,019",535,"16,305",178,"13,694","2,433",529,19,353,157,"15,535",299,"15,236","256,099",409,"235,535","20,155","234,716",154,"217,524","17,038","4,577",58,"3,986",533,"16,269",178,"13,665","2,426",537,19,360,158,"15,549",298,"15,251","256,090",410,"235,759","19,921","234,700",154,"217,733","16,813","4,573",58,"3,984",531,"16,282",179,"13,682","2,421",535,19,360,156,"15,512",295,"15,217","256,333",409,"236,199","19,725","234,964",153,"218,216","16,595","4,549",58,"3,957",534,"16,276",179,"13,661","2,436",544,19,365,160,"15,604",295,"15,309","257,346",409,"236,474","20,463","235,934",152,"218,463","17,319","4,554",58,"3,934",562,"16,311",180,"13,708","2,423",547,19,369,159,"15,596",295,"15,301","257,138",408,"236,411","20,319","235,720",151,"218,439","17,130","4,559",59,"3,927",573,"16,311",179,"13,676","2,456",548,19,369,160,"15,582",285,"15,297","257,184",431,"236,637","20,116","235,848",160,"218,724","16,964","4,554",61,"3,923",570,"16,233",189,"13,621","2,423",549,21,369,159,"15,532",285,"15,247","256,849",433,"236,832","19,584","235,528",162,"218,929","16,437","4,533",63,"3,909",561,"16,240",188,"13,625","2,427",548,20,369,159,"15,593",287,"15,306","254,893",434,"236,914","17,545","233,627",162,"219,056","14,409","4,503",63,"3,881",559,"16,218",189,"13,609","2,420",545,20,368,157,"15,601",287,"15,314","254,629",433,"236,959","17,237","233,405",161,"219,173","14,071","4,477",62,"3,858",557,"16,198",190,"13,556","2,452",549,20,372,157,"15,596",287,"15,309","254,871",429,"236,931","17,511","233,679",162,"219,170","14,347","4,462",61,"3,842",559,"16,186",187,"13,547","2,452",544,19,372,153,"15,608",289,"15,319","254,482",426,"236,921","17,135","233,402",159,"219,066","14,177","4,454",61,"3,838",555,"16,083",187,"13,643","2,253",543,19,374,150,"15,553",291,"15,262","254,051",425,"236,587","17,039","233,027",158,"218,816","14,053","4,417",61,"3,810",546,"16,065",187,"13,586","2,292",542,19,375,148,"15,551",291,"15,260","253,796",428,"236,516","16,852","232,859",161,"218,815","13,883","4,428",61,"3,825",542,"15,965",187,"13,500","2,278",544,19,376,149,"15,533",291,"15,242"
,송파구,"245,597",400,"230,805","14,392","214,205",133,"206,859","7,213","6,174",95,"4,367","1,712","24,472",158,"19,231","5,083",746,14,348,384,"19,380",205,"19,175","245,312",400,"230,641","14,271","214,286",132,"206,996","7,158","6,112",94,"4,308","1,710","24,158",160,"18,981","5,017",756,14,356,386,"19,266",205,"19,061","244,929",408,"230,233","14,288","214,215",130,"206,913","7,172","6,088",97,"4,286","1,705","23,869",166,"18,673","5,030",757,15,361,381,"19,194",204,"18,990","245,143",409,"230,459","14,275","214,631",131,"207,312","7,188","6,085",97,"4,276","1,712","23,666",166,"18,511","4,989",761,15,360,386,"18,952",204,"18,748","244,940",409,"230,236","14,295","214,707",131,"207,384","7,192","6,067",97,"4,259","1,711","23,403",166,"18,229","5,008",763,15,364,384,"18,943",202,"18,741","244,506",409,"229,789","14,308","214,460",132,"207,113","7,215","6,039",97,"4,231","1,711","23,249",165,"18,080","5,004",758,15,365,378,"18,917",182,"18,735","244,705",409,"229,948","14,348","214,735",129,"207,324","7,282","5,997",99,"4,208","1,690","23,211",166,"18,050","4,995",762,15,366,381,"18,940",188,"18,752","244,749",409,"229,919","14,421","214,835",130,"207,375","7,330","5,960",99,"4,166","1,695","23,190",165,"18,014","5,011",764,15,364,385,"18,904",192,"18,712","244,671",411,"229,933","14,327","214,836",128,"207,431","7,277","5,925",103,"4,159","1,663","23,139",165,"17,970","5,004",771,15,373,383,"18,805",196,"18,609","244,299",407,"229,562","14,330","214,586",127,"207,167","7,292","5,892",100,"4,142","1,650","23,044",165,"17,875","5,004",777,15,378,384,"18,757",198,"18,559","243,998",409,"229,322","14,267","214,382",127,"207,007","7,248","5,852",101,"4,120","1,631","22,984",165,"17,816","5,003",780,16,379,385,"18,714",198,"18,516","244,265",407,"229,617","14,241","214,688",127,"207,281","7,280","5,847",101,"4,101","1,645","22,952",163,"17,852","4,937",778,16,383,379,"18,743",196,"18,547","244,079",407,"229,414","14,258","214,513",128,"207,115","7,270","5,853",100,"4,099","1,654","22,937",163,"17,820","4,954",776,16,380,380,"18,809",194,"18,615","243,942",405,"229,344","14,193","214,598",127,"207,155","7,316","5,787",98,"4,067","1,622","22,779",164,"17,742","4,873",778,16,380,382,"18,823",194,"18,629","243,951",402,"229,358","14,191","214,717",126,"207,215","7,376","5,793",97,"4,063","1,633","22,662",163,"17,698","4,801",779,16,382,381,"18,839",194,"18,645","243,967",400,"229,283","14,284","214,810",124,"207,228","7,458","5,780",99,"4,047","1,634","22,587",161,"17,618","4,808",790,16,390,384,"18,852",194,"18,658","243,732",406,"228,973","14,353","214,744",131,"207,074","7,539","5,740",99,"3,999","1,642","22,453",160,"17,509","4,784",795,16,391,388,"18,873",193,"18,680","243,575",407,"228,771","14,397","214,670",130,"206,948","7,592","5,698",101,"3,962","1,635","22,403",160,"17,466","4,777",804,16,395,393,"18,898",191,"18,707","243,654",413,"228,889","14,352","214,773",130,"207,076","7,567","5,678",106,"3,950","1,622","22,404",160,"17,470","4,774",799,17,393,389,"18,958",191,"18,767","243,715",411,"228,980","14,324","214,912",129,"207,235","7,548","5,631",105,"3,919","1,607","22,368",160,"17,431","4,777",804,17,395,392,"18,944",190,"18,754","243,652",416,"228,929","14,307","215,027",130,"207,361","7,536","5,612",107,"3,900","1,605","22,206",160,"17,269","4,777",807,19,399,389,"18,874",190,"18,684","242,897",411,"228,233","14,253","214,376",128,"206,771","7,477","5,600",106,"3,879","1,615","22,124",158,"17,192","4,774",797,19,391,387,"18,902",190,"18,712","242,552",411,"227,898","14,243","214,091",128,"206,481","7,482","5,572",106,"3,862","1,604","22,076",158,"17,145","4,773",813,19,410,384,"18,890",190,"18,700","242,304",410,"227,664","14,230","213,894",128,"206,315","7,451","5,556",105,"3,845","1,606","22,030",158,"17,095","4,777",824,19,409,396,"18,875",190,"18,685","242,083",410,"227,496","14,177","213,746",128,"206,204","7,414","5,520",105,"3,822","1,593","21,997",158,"17,063","4,776",820,19,407,394,"18,923",190,"18,733"
,강동구,"153,678",311,"144,735","8,632","133,930",109,"128,708","5,113","4,387",42,"3,523",822,"14,936",154,"12,309","2,473",425,6,195,224,"17,346",143,"17,203","153,697",312,"144,781","8,604","133,977",110,"128,775","5,092","4,367",42,"3,519",806,"14,929",154,"12,289","2,486",424,6,198,220,"17,393",142,"17,251","153,780",312,"144,818","8,650","134,088",110,"128,840","5,138","4,348",42,"3,498",808,"14,925",154,"12,284","2,487",419,6,196,217,"17,424",141,"17,283","153,870",318,"144,889","8,663","134,206",115,"128,951","5,140","4,344",42,"3,493",809,"14,899",155,"12,246","2,498",421,6,199,216,"17,435",141,"17,294","153,760",313,"144,811","8,636","134,145",110,"128,920","5,115","4,317",42,"3,469",806,"14,873",155,"12,225","2,493",425,6,197,222,"17,468",140,"17,328","153,676",313,"144,734","8,629","134,097",112,"128,888","5,097","4,303",41,"3,451",811,"14,849",154,"12,195","2,500",427,6,200,221,"17,483",141,"17,342","153,652",313,"144,697","8,642","134,114",112,"128,897","5,105","4,255",41,"3,415",799,"14,848",154,"12,178","2,516",435,6,207,222,"17,526",141,"17,385","153,612",314,"144,717","8,581","134,094",113,"128,922","5,059","4,234",41,"3,399",794,"14,848",154,"12,187","2,507",436,6,209,221,"17,517",141,"17,376","153,823",313,"144,879","8,631","134,314",112,"129,135","5,067","4,216",41,"3,376",799,"14,857",154,"12,159","2,544",436,6,209,221,"17,525",140,"17,385","154,020",309,"145,096","8,615","134,548",113,"129,380","5,055","4,211",41,"3,381",789,"14,820",148,"12,124","2,548",441,7,211,223,"17,526",140,"17,386","154,078",311,"145,157","8,610","134,641",114,"129,486","5,041","4,198",41,"3,357",800,"14,795",148,"12,102","2,545",444,8,212,224,"17,505",140,"17,365","154,348",304,"145,450","8,594","134,905",107,"129,782","5,016","4,201",41,"3,357",803,"14,800",148,"12,099","2,553",442,8,212,222,"17,520",140,"17,380","154,522",303,"145,684","8,535","135,193",107,"130,110","4,976","4,175",41,"3,336",798,"14,712",147,"12,026","2,539",442,8,212,222,"17,546",140,"17,406","154,739",303,"145,984","8,452","135,522",108,"130,444","4,970","4,081",41,"3,308",732,"14,691",147,"12,012","2,532",445,7,220,218,"17,585",141,"17,444","154,925",302,"146,197","8,426","135,773",108,"130,717","4,948","4,055",41,"3,284",730,"14,656",146,"11,977","2,533",441,7,219,215,"17,596",126,"17,470","155,237",302,"146,535","8,400","136,160",108,"131,107","4,945","4,006",41,"3,260",705,"14,627",146,"11,945","2,536",444,7,223,214,"17,670",126,"17,544","155,608",303,"146,936","8,369","136,574",110,"131,523","4,941","3,997",41,"3,272",684,"14,597",145,"11,918","2,534",440,7,223,210,"17,704",126,"17,578","156,109",303,"147,432","8,374","137,101",110,"132,052","4,939","3,978",41,"3,258",679,"14,591",145,"11,902","2,544",439,7,220,212,"17,740",126,"17,614","156,406",302,"147,496","8,608","137,450",110,"132,178","5,162","3,935",41,"3,232",662,"14,581",144,"11,866","2,571",440,7,220,213,"17,744",126,"17,618","156,761",302,"147,876","8,583","137,816",110,"132,559","5,147","3,902",41,"3,225",636,"14,595",144,"11,863","2,588",448,7,229,212,"17,768",126,"17,642","157,836",301,"148,964","8,571","138,852",109,"133,624","5,119","3,910",41,"3,234",635,"14,620",144,"11,873","2,603",454,7,233,214,"17,786",126,"17,660","160,983",300,"152,108","8,575","141,965",106,"136,733","5,126","3,899",41,"3,229",629,"14,664",146,"11,909","2,609",455,7,237,211,"17,850",128,"17,722","163,493",302,"154,604","8,587","144,426",107,"139,186","5,133","3,904",41,"3,234",629,"14,703",147,"11,941","2,615",460,7,243,210,"17,931",128,"17,803","166,203",304,"157,334","8,565","147,105",108,"141,888","5,109","3,910",42,"3,240",628,"14,716",147,"11,950","2,619",472,7,256,209,"17,987",128,"17,859","167,473",306,"158,620","8,547","148,419",109,"143,209","5,101","3,908",42,"3,241",625,"14,665",148,"11,907","2,610",481,7,263,211,"18,030",128,"17,902"
,기타,-,-,-,-,-,-,-,-,-,-,-,-,-,-,-,-,-,-,-,-,8,-,8,-,-,-,-,-,-,-,-,-,-,-,-,-,-,-,-,-,-,-,-,8,-,8,-,-,-,-,-,-,-,-,-,-,-,-,-,-,-,-,-,-,-,-,7,-,7,-,-,-,-,-,-,-,-,-,-,-,-,-,-,-,-,-,-,-,-,8,-,8,-,-,-,-,-,-,-,-,-,-,-,-,-,-,-,-,-,-,-,-,8,-,8,-,-,-,-,-,-,-,-,-,-,-,-,-,-,-,-,-,-,-,-,8,-,8,-,-,-,-,-,-,-,-,-,-,-,-,-,-,-,-,-,-,-,-,8,-,8,-,-,-,-,-,-,-,-,-,-,-,-,-,-,-,-,-,-,-,-,7,-,7,-,-,-,-,-,-,-,-,-,-,-,-,-,-,-,-,-,-,-,-,7,-,7,-,-,-,-,-,-,-,-,-,-,-,-,-,-,-,-,-,-,-,-,7,-,7,-,-,-,-,-,-,-,-,-,-,-,-,-,-,-,-,-,-,-,-,7,-,7,-,-,-,-,-,-,-,-,-,-,-,-,-,-,-,-,-,-,-,-,7,-,7,-,-,-,-,-,-,-,-,-,-,-,-,-,-,-,-,-,-,-,-,7,-,7,-,-,-,-,-,-,-,-,-,-,-,-,-,-,-,-,-,-,-,-,7,-,7,-,-,-,-,-,-,-,-,-,-,-,-,-,-,-,-,-,-,-,-,7,-,7,-,-,-,-,-,-,-,-,-,-,-,-,-,-,-,-,-,-,-,-,7,-,7,-,-,-,-,-,-,-,-,-,-,-,-,-,-,-,-,-,-,-,-,7,-,7,-,-,-,-,-,-,-,-,-,-,-,-,-,-,-,-,-,-,-,-,7,-,7,-,-,-,-,-,-,-,-,-,-,-,-,-,-,-,-,-,-,-,-,7,-,7,-,-,-,-,-,-,-,-,-,-,-,-,-,-,-,-,-,-,-,-,7,-,7,-,-,-,-,-,-,-,-,-,-,-,-,-,-,-,-,-,-,-,-,7,-,7,-,-,-,-,-,-,-,-,-,-,-,-,-,-,-,-,-,-,-,-,7,-,7,-,-,-,-,-,-,-,-,-,-,-,-,-,-,-,-,-,-,-,-,7,-,7,-,-,-,-,-,-,-,-,-,-,-,-,-,-,-,-,-,-,-,-,7,-,7,-,-,-,-,-,-,-,-,-,-,-,-,-,-,-,-,-,-,-,-,7,-,7
